Workbook
Name C_DiasSem: Cadastro!$K$4:$K$200
Name C_Nome: Cadastro!$B$4:$B$200
Name C_RG: Cadastro!$A$4:$A$200
Name C_Situacao: Cadastro!$C$4:$C$200
Name CP_Aprov: Compensacoes!$F$4:$F$999
Name CP_ChaveFalta: Compensacoes!$N$4:$N$999
Name CP_ChaveQuem: Compensacoes!$M$4:$M$999
Name CP_Data: Compensacoes!$A$4:$A$999
Name CP_DataFalta: Compensacoes!$E$4:$E$999
Name CP_Falta: Compensacoes!$D$4:$D$999
Name CP_Horas: Compensacoes!$C$4:$C$999
Name CP_Quem: Compensacoes!$B$4:$B$999
Name CP_Situacao: Compensacoes!$L$4:$L$999
Name F_Chave: Tabelas!$J$15:$J$54
Name F_Funcao: Tabelas!$E$15:$E$54
Name F_Ini: Tabelas!$F$15:$F$54
Name F_Valor: Tabelas!$G$15:$G$54
Name H_100: Lanc_HE!$X$4:$X$1000
Name H_50: Lanc_HE!$W$4:$W$1000
Name H_Alerta: Lanc_HE!$AB$4:$AB$1000
Name H_Area: Lanc_HE!$AA$4:$AA$1000
Name H_EI: Lanc_HE!$Z$4:$Z$1000
Name H_Equipe: Lanc_HE!$P$4:$P$1000
Name H_Funcao: Lanc_HE!$Q$4:$Q$1000
Name H_Liq: Lanc_HE!$V$4:$V$1000
Name H_Mes: Lanc_HE!$N$4:$N$1000
Name H_Nome: Lanc_HE!$B$4:$B$1000
Name H_Valor: Lanc_HE!$Y$4:$Y$1000
Name L_Alerta: Lancamentos!$AH$4:$AH$3489
Name L_Ausencia: Lancamentos!$W$4:$W$3489
Name L_Bruto: Lancamentos!$Y$4:$Y$3489
Name L_Categoria: Lancamentos!$AF$4:$AF$3489
Name L_ChaveCob: Lancamentos!$AQ$4:$AQ$3489
Name L_ChavePD: Lancamentos!$AP$4:$AP$3489
Name L_Compensado: Lancamentos!$AA$4:$AA$3489
Name L_Contrato: Lancamentos!$Q$4:$Q$3489
Name L_Data: Lancamentos!$A$4:$A$3489
Name L_DescExtra: Lancamentos!$K$4:$K$3489
Name L_Equipe: Lancamentos!$P$4:$P$3489
Name L_Ferista: Lancamentos!$Z$4:$Z$3489
Name L_Funcao: Lancamentos!$R$4:$R$3489
Name L_HorasDesc: Lancamentos!$AC$4:$AC$3489
Name L_JustExtra: Lancamentos!$L$4:$L$3489
Name L_Mes: Lancamentos!$N$4:$N$3489
Name L_Nome: Lancamentos!$B$4:$B$3489
Name L_OrdemCob: Lancamentos!$AR$4:$AR$3489
Name L_Pendente: Lancamentos!$AU$4:$AU$3489
Name L_Perdoado: Lancamentos!$AB$4:$AB$3489
Name L_RG: Lancamentos!$O$4:$O$3489
Name L_Status: Lancamentos!$C$4:$C$3489
Name L_Trab: Lancamentos!$V$4:$V$3489
Name L_Valor: Lancamentos!$AD$4:$AD$3489
Name L_ValorJust: Lancamentos!$AE$4:$AE$3489
Name lstAprov: Tabelas!$Y$4:$Y$6
Name lstAtipica: Tabelas!$W$4:$W$5
Name lstContrato: Tabelas!$AA$4:$AA$6
Name lstEquipes: Tabelas!$AC$4:$AC$23
Name lstFuncionarios: Cadastro!$B$4:$B$200
Name lstFuncoes: Tabelas!$V$4:$V$23
Name lstMeses: Resumo_Mensal!$A$5:$A$16

Sheet LEIA-ME
B1: COMO USAR — Lançamento de Horas EI36
B4: O CAMINHO DA INFORMAÇÃO
B5: Cadastro + Vigencias + Tabelas ► Lancamentos (+ Compensacoes, Lanc_HE) ► Resumo_Mensal ► Painel / Por_Colaborador
B6: Cada desconto é montado na própria linha de Lançamentos, da esquerda para a direita: Horas brutas − coberto pelo ferista − compensado (aprovado) − perdoado por acordo = Horas descontadas × Valor HH = R$. A coluna AG ("De onde vem") explica isso em texto em cada linha.
B8: CORES
B9: Amarelo / texto azul | C9: Você preenche.
B10: Azul-claro | C10: Automático (fórmula). Não digite por cima — se precisar mudar um número, use as colunas manuais amarelas.
B11: Cinza (cabeçalho) | C11: Colunas auxiliares, ficam recolhidas. Clique no [+] em cima da coluna para ver.
B12: Verde / vermelho | C12: Verde = reduziu o desconto (ferista, compensação, acordo). Vermelho = gerou desconto.
B13: Laranja | C13: Alerta: precisa da sua atenção.
B15: ABAS
B16: Painel | C16: Escolha o mês em C3. Mostra contrato, abatimento, valor final, de onde vem cada real descontado e a lista de conferência.
B17: Lancamentos | C17: Uma linha por pessoa por dia. No dia a dia preencha só A até G.
B18: Compensacoes | C18: Quem compensou a falta de quem. Só abate quando "Aprovado?" = Sim.
B19: Lanc_HE | C19: Horas extras.
B20: Resumo_Mensal | C20: 12 meses do ano. Única coisa a informar: Desconto SLA (coluna amarela).
B21: Por_Colaborador | C21: Mesmo mês do Painel, aberto por pessoa e por função.
B22: Cadastro | C22: Uma linha por pessoa (RG, nome, Ativo/Desligado).
B23: Vigencias | C23: Histórico de equipe/função/turno/tipo de contrato por data.
B24: Tabelas | C24: Parâmetros, valor do contrato por data, turnos, Valor HH por função e data, lista de Status.
B26: ROTINA DIÁRIA
B27: 1. Nova linha | C27: Data, Funcionário (lista), Status (lista).
B28: 2. Atraso / saída | C28: Cole o ponto em D no formato "HH:MM#HH:MM = H:MM". Sem ponto? Digite as horas que a pessoa ficou ausente em E.
B29: 3. Trabalhou fora da jornada | C29: Ex.: sábado de compensação de quem é ADM: digite as horas trabalhadas em F.
B30: 4. Confira | C30: Coluna AH (alerta) e o Painel de Verificação.
B32: COMPENSAÇÃO — PASSO A PASSO
B33: Exemplo: Giovani faltou em 10/09 (desconto de 9h). Ele trabalhou no sábado 12/09 para compensar.
B34: 1. Lançamentos | C34: 12/09 · Giovani · Status "Horas Compensadas" · F = 8:00 (horas trabalhadas).
B35: 2. Compensacoes | C35: Data em que trabalhou = 12/09 · Quem trabalhou = Giovani · Horas = 8:00 · Compensa a falta de = Giovani · Data da falta = 10/09 · Aprovado? = Pendente.
B36: 3. Quando aprovar | C36: Mude para "Sim". A linha da falta de 10/09 passa a mostrar "Compensado 8:00h por Giovani" e desconta só 1:00h.
B37: Colega cobrindo colega | C37: Mesma coisa, mas em "Compensa a falta de" coloque o nome de QUEM FALTOU. O Tipo vira "Colega cobriu colega". Se mudar quem compensa quem, basta editar a linha — o abatimento acompanha.
B38: Ferista | C38: Automático: no dia em que o ferista trabalha, as horas dele cobrem as faltas da equipe, começando pela MAIOR falta (empate: a que foi lançada primeiro). Para escolher manualmente, coloque "Cobertura automática do ferista?" = Não em Tabelas e registre na aba Compensações.
B39: Não abate se… | C39: Não estiver aprovado, a falta não existir nos Lançamentos ou as horas passarem da falta (o excedente é ignorado). A coluna "Situação" da aba Compensações diz qual é o caso.
B41: CASOS ESPECIAIS (colunas H–M)
B42: Posto vago | C42: Deixe Funcionário vazio e escolha a Função em H.
B43: Turno diferente no dia | C43: Escolha em I (muda a jornada só daquele dia).
B44: Situação atípica | C44: Marque J e informe horas em K (desconto extra) ou L (justificadas).
B45: Acordo com o cliente | C45: Horas perdoadas em M: saem do desconto e aparecem como "Perdoado por acordo".
B47: MUDANÇAS DE CADASTRO
B48: Pessoa nova | C48: Cadastro: RG + nome + Ativo. Vigencias: uma linha com data de início, equipe, função, turno e tipo de contrato.
B49: Mudou função / turno / virou ferista | C49: Vigencias: ADICIONE uma linha com a data da mudança. Não edite as linhas antigas.
B50: Reajuste do Valor HH | C50: Tabelas › Funções: ADICIONE uma linha (mesma função, nova data de início, novo valor).
B51: Reajuste do contrato | C51: Tabelas › Contrato: ADICIONE uma linha com a nova data e valor.
B52: Desligamento | C52: Cadastro: Situação = Desligado. Não apague a pessoa.
B54: FECHAMENTO DO MÊS
B55: 1 | C55: Painel de Verificação zerado (ou justificado).
B56: 2 | C56: Aba Compensações: sem PENDENTE / PREENCHER do mês.
B57: 3 | C57: Desconto SLA informado no Resumo_Mensal.
B58: 4 | C58: "Confere com o Resumo_Mensal?" = ✔ no Painel.
B59: 5 | C59: Tabelas › "Mês fechado até" = último dia do mês (as linhas ficam cinza).

Sheet Painel
B1: GESTÃO DE HORAS e SLA — EI36 SERRALHERIA
B3: MÊS ANALISADO ► | C3: 46266 | D3: escolha o mês na lista | K3: PAINEL DE VERIFICAÇÃO — mês selecionado
K4: O que conferir | L4: Qtde
B5: CONTRATO | D5: (−) ABATIMENTO | F5: (−) DESCONTO SLA | H5: VALOR FINAL A PAGAR | K5: Funcionário fora do Cadastro / sem vigência | L5: =COUNTIFS(L_Alerta,"CADASTRO*",L_Mes,$C$3) -> 0
B6: =IFERROR(INDEX(Resumo_Mensal!$B$5:$B$16,MATCH($C$3,Resumo_Mensal!$A$5:$A$16,0)),0) -> 138462.3 | D6: =IFERROR(INDEX(Resumo_Mensal!$H$5:$H$16,MATCH($C$3,Resumo_Mensal!$A$5:$A$16,0)),0) -> 26441.777 | F6: =IFERROR(INDEX(Resumo_Mensal!$I$5:$I$16,MATCH($C$3,Resumo_Mensal!$A$5:$A$16,0)),0) -> 11860.96 | H6: =IFERROR(INDEX(Resumo_Mensal!$J$5:$J$16,MATCH($C$3,Resumo_Mensal!$A$5:$A$16,0)),0) -> 100159.56 | K6: Lançamento duplicado (mesma pessoa/dia) | L6: =COUNTIFS(L_Alerta,"DUPLICADO*",L_Mes,$C$3) -> 0
K7: "Horas Compensadas" sem dizer de quem é a falta | L7: =COUNTIFS(L_Alerta,"VINCULAR*",L_Mes,$C$3) -> 0
B8: DE ONDE VEM O ABATIMENTO (horas lançadas − ferista − compensação − acordo = descontado) | K8: Compensação aguardando aprovação | L8: =COUNTIFS(L_Alerta,"APROVAR*",L_Mes,$C$3) -> 0
B9: Situação | C9: Horas lançadas | D9: (−) Ferista | E9: (−) Compensado | F9: (−) Perdoado | G9: Descontado (h) | H9: Valor (R$) | I9: % do total | K9: Ferista não cobriu toda a falta | L9: =COUNTIFS(L_Alerta,"FERISTA*",L_Mes,$C$3) -> 0
B10: Injustificadas (faltas + atrasos) | C10: =SUMIFS(L_Bruto,L_Mes,$C$3,L_Equipe,P_EquipePrincipal,L_Categoria,"Injustificada") -> 17.541667 | D10: =SUMIFS(L_Ferista,L_Mes,$C$3,L_Equipe,P_EquipePrincipal,L_Categoria,"Injustificada") -> 0 | E10: =SUMIFS(L_Compensado,L_Mes,$C$3,L_Equipe,P_EquipePrincipal,L_Categoria,"Injustificada") -> 2.25 | F10: =SUMIFS(L_Perdoado,L_Mes,$C$3,L_Equipe,P_EquipePrincipal,L_Categoria,"Injustificada") -> 0 | G10: =SUMIFS(L_HorasDesc,L_Mes,$C$3,L_Equipe,P_EquipePrincipal,L_Categoria,"Injustificada") -> 15.291667 | H10: =SUMIFS(L_Valor,L_Mes,$C$3,L_Equipe,P_EquipePrincipal,L_Categoria,"Injustificada") -> 20046.609 | I10: =IF($H$20=0,0,H10/$H$20) -> 0.7581415 | K10: Atraso sem ponto (descontando jornada cheia) | L10: =COUNTIFS(L_Alerta,"PONTO*",L_Mes,$C$3) -> 0
B11: Leve atraso | C11: =SUMIFS(L_Bruto,L_Mes,$C$3,L_Equipe,P_EquipePrincipal,L_Categoria,"Leve atraso") -> 0.16666667 | D11: =SUMIFS(L_Ferista,L_Mes,$C$3,L_Equipe,P_EquipePrincipal,L_Categoria,"Leve atraso") -> 0 | E11: =SUMIFS(L_Compensado,L_Mes,$C$3,L_Equipe,P_EquipePrincipal,L_Categoria,"Leve atraso") -> 0 | F11: =SUMIFS(L_Perdoado,L_Mes,$C$3,L_Equipe,P_EquipePrincipal,L_Categoria,"Leve atraso") -> 0 | G11: =SUMIFS(L_HorasDesc,L_Mes,$C$3,L_Equipe,P_EquipePrincipal,L_Categoria,"Leve atraso") -> 0.16666667 | H11: =SUMIFS(L_Valor,L_Mes,$C$3,L_Equipe,P_EquipePrincipal,L_Categoria,"Leve atraso") -> 265.64059 | I11: =IF($H$20=0,0,H11/$H$20) -> 0.010046246 | K11: Atraso > 30 min a classificar | L11: =COUNTIFS(L_Alerta,"CLASSIFICAR*",L_Mes,$C$3) -> 0
B12: Férias | C12: =SUMIFS(L_Bruto,L_Mes,$C$3,L_Equipe,P_EquipePrincipal,L_Categoria,"Férias") -> 4.4166667 | D12: =SUMIFS(L_Ferista,L_Mes,$C$3,L_Equipe,P_EquipePrincipal,L_Categoria,"Férias") -> 0 | E12: =SUMIFS(L_Compensado,L_Mes,$C$3,L_Equipe,P_EquipePrincipal,L_Categoria,"Férias") -> 0 | F12: =SUMIFS(L_Perdoado,L_Mes,$C$3,L_Equipe,P_EquipePrincipal,L_Categoria,"Férias") -> 0 | G12: =SUMIFS(L_HorasDesc,L_Mes,$C$3,L_Equipe,P_EquipePrincipal,L_Categoria,"Férias") -> 4.4166667 | H12: =SUMIFS(L_Valor,L_Mes,$C$3,L_Equipe,P_EquipePrincipal,L_Categoria,"Férias") -> 6129.5279 | I12: =IF($H$20=0,0,H12/$H$20) -> 0.23181225 | K12: Leve atraso lançado como Horas Trabalhadas | L12: =COUNTIFS(L_Alerta,"AJUSTAR*",L_Mes,$C$3) -> 1
B13: Falta de Contratação | C13: =SUMIFS(L_Bruto,L_Mes,$C$3,L_Equipe,P_EquipePrincipal,L_Categoria,"Falta de Contratação") -> 0 | D13: =SUMIFS(L_Ferista,L_Mes,$C$3,L_Equipe,P_EquipePrincipal,L_Categoria,"Falta de Contratação") -> 0 | E13: =SUMIFS(L_Compensado,L_Mes,$C$3,L_Equipe,P_EquipePrincipal,L_Categoria,"Falta de Contratação") -> 0 | F13: =SUMIFS(L_Perdoado,L_Mes,$C$3,L_Equipe,P_EquipePrincipal,L_Categoria,"Falta de Contratação") -> 0 | G13: =SUMIFS(L_HorasDesc,L_Mes,$C$3,L_Equipe,P_EquipePrincipal,L_Categoria,"Falta de Contratação") -> 0 | H13: =SUMIFS(L_Valor,L_Mes,$C$3,L_Equipe,P_EquipePrincipal,L_Categoria,"Falta de Contratação") -> 0 | I13: =IF($H$20=0,0,H13/$H$20) -> 0 | K13: Desconto extra sem observação | L13: =COUNTIFS(L_Alerta,"OBSERVAÇÃO*",L_Mes,$C$3) -> 0
B14: Falta de EPI | C14: =SUMIFS(L_Bruto,L_Mes,$C$3,L_Equipe,P_EquipePrincipal,L_Categoria,"Falta de EPI") -> 0 | D14: =SUMIFS(L_Ferista,L_Mes,$C$3,L_Equipe,P_EquipePrincipal,L_Categoria,"Falta de EPI") -> 0 | E14: =SUMIFS(L_Compensado,L_Mes,$C$3,L_Equipe,P_EquipePrincipal,L_Categoria,"Falta de EPI") -> 0 | F14: =SUMIFS(L_Perdoado,L_Mes,$C$3,L_Equipe,P_EquipePrincipal,L_Categoria,"Falta de EPI") -> 0 | G14: =SUMIFS(L_HorasDesc,L_Mes,$C$3,L_Equipe,P_EquipePrincipal,L_Categoria,"Falta de EPI") -> 0 | H14: =SUMIFS(L_Valor,L_Mes,$C$3,L_Equipe,P_EquipePrincipal,L_Categoria,"Falta de EPI") -> 0 | I14: =IF($H$20=0,0,H14/$H$20) -> 0 | K14: Horas manuais maiores que a jornada | L14: =COUNTIFS(L_Alerta,"CONFERIR*",L_Mes,$C$3) -> 0
B15: Recesso | C15: =SUMIFS(L_Bruto,L_Mes,$C$3,L_Equipe,P_EquipePrincipal,L_Categoria,"Recesso") -> 0 | D15: =SUMIFS(L_Ferista,L_Mes,$C$3,L_Equipe,P_EquipePrincipal,L_Categoria,"Recesso") -> 0 | E15: =SUMIFS(L_Compensado,L_Mes,$C$3,L_Equipe,P_EquipePrincipal,L_Categoria,"Recesso") -> 0 | F15: =SUMIFS(L_Perdoado,L_Mes,$C$3,L_Equipe,P_EquipePrincipal,L_Categoria,"Recesso") -> 0 | G15: =SUMIFS(L_HorasDesc,L_Mes,$C$3,L_Equipe,P_EquipePrincipal,L_Categoria,"Recesso") -> 0 | H15: =SUMIFS(L_Valor,L_Mes,$C$3,L_Equipe,P_EquipePrincipal,L_Categoria,"Recesso") -> 0 | I15: =IF($H$20=0,0,H15/$H$20) -> 0 | K15: HE com pendência (tratamento ou ponto) | L15: =COUNTIFS(H_Alerta,"?*",H_Mes,$C$3) -> 0
B16: Treinamento | C16: =SUMIFS(L_Bruto,L_Mes,$C$3,L_Equipe,P_EquipePrincipal,L_Categoria,"Treinamento") -> 0 | D16: =SUMIFS(L_Ferista,L_Mes,$C$3,L_Equipe,P_EquipePrincipal,L_Categoria,"Treinamento") -> 0 | E16: =SUMIFS(L_Compensado,L_Mes,$C$3,L_Equipe,P_EquipePrincipal,L_Categoria,"Treinamento") -> 0 | F16: =SUMIFS(L_Perdoado,L_Mes,$C$3,L_Equipe,P_EquipePrincipal,L_Categoria,"Treinamento") -> 0 | G16: =SUMIFS(L_HorasDesc,L_Mes,$C$3,L_Equipe,P_EquipePrincipal,L_Categoria,"Treinamento") -> 0 | H16: =SUMIFS(L_Valor,L_Mes,$C$3,L_Equipe,P_EquipePrincipal,L_Categoria,"Treinamento") -> 0 | I16: =IF($H$20=0,0,H16/$H$20) -> 0 | K16: Registros a completar na aba Compensações (todos) | L16: =COUNTIFS(CP_Situacao,"PREENCHER*")+COUNTIFS(CP_Situacao,"CONFERIR*")+COUNTIFS(CP_Situacao,"PENDENTE*") -> 12
B17: Remanejamento | C17: =SUMIFS(L_Bruto,L_Mes,$C$3,L_Equipe,P_EquipePrincipal,L_Categoria,"Remanejamento") -> 0 | D17: =SUMIFS(L_Ferista,L_Mes,$C$3,L_Equipe,P_EquipePrincipal,L_Categoria,"Remanejamento") -> 0 | E17: =SUMIFS(L_Compensado,L_Mes,$C$3,L_Equipe,P_EquipePrincipal,L_Categoria,"Remanejamento") -> 0 | F17: =SUMIFS(L_Perdoado,L_Mes,$C$3,L_Equipe,P_EquipePrincipal,L_Categoria,"Remanejamento") -> 0 | G17: =SUMIFS(L_HorasDesc,L_Mes,$C$3,L_Equipe,P_EquipePrincipal,L_Categoria,"Remanejamento") -> 0 | H17: =SUMIFS(L_Valor,L_Mes,$C$3,L_Equipe,P_EquipePrincipal,L_Categoria,"Remanejamento") -> 0 | I17: =IF($H$20=0,0,H17/$H$20) -> 0 | K17: Ativo sem lançamento há mais de 5 dias | L17: =COUNTIFS(C_DiasSem,">5") -> 0
B18: Situação atípica | C18: =SUMIFS(L_Bruto,L_Mes,$C$3,L_Equipe,P_EquipePrincipal,L_Categoria,"Situação atípica") -> 0 | D18: =SUMIFS(L_Ferista,L_Mes,$C$3,L_Equipe,P_EquipePrincipal,L_Categoria,"Situação atípica") -> 0 | E18: =SUMIFS(L_Compensado,L_Mes,$C$3,L_Equipe,P_EquipePrincipal,L_Categoria,"Situação atípica") -> 0 | F18: =SUMIFS(L_Perdoado,L_Mes,$C$3,L_Equipe,P_EquipePrincipal,L_Categoria,"Situação atípica") -> 0 | G18: =SUMIFS(L_HorasDesc,L_Mes,$C$3,L_Equipe,P_EquipePrincipal,L_Categoria,"Situação atípica") -> 0 | H18: =SUMIFS(L_Valor,L_Mes,$C$3,L_Equipe,P_EquipePrincipal,L_Categoria,"Situação atípica") -> 0 | I18: =IF($H$20=0,0,H18/$H$20) -> 0 | K18: Filtre a coluna AH de Lançamentos pelo texto do alerta para achar as linhas.
B19: Outros (manual em outros status) | C19: =SUMIFS(L_Bruto,L_Mes,$C$3,L_Equipe,P_EquipePrincipal)-SUM(C10:C18) -> 0 | D19: =SUMIFS(L_Ferista,L_Mes,$C$3,L_Equipe,P_EquipePrincipal)-SUM(D10:D18) -> 0 | E19: =SUMIFS(L_Compensado,L_Mes,$C$3,L_Equipe,P_EquipePrincipal)-SUM(E10:E18) -> 0 | F19: =SUMIFS(L_Perdoado,L_Mes,$C$3,L_Equipe,P_EquipePrincipal)-SUM(F10:F18) -> 0 | G19: =SUMIFS(L_HorasDesc,L_Mes,$C$3,L_Equipe,P_EquipePrincipal)-SUM(G10:G18) -> 0 | H19: =SUMIFS(L_Valor,L_Mes,$C$3,L_Equipe,P_EquipePrincipal)-SUM(H10:H18) -> 0 | I19: =IF($H$20=0,0,H19/$H$20) -> 0
B20: TOTAL ABATIDO | C20: =SUM(C10:C19) -> 22.125 | D20: =SUM(D10:D19) -> 0 | E20: =SUM(E10:E19) -> 2.25 | F20: =SUM(F10:F19) -> 0 | G20: =SUM(G10:G19) -> 19.875 | H20: =SUM(H10:H19) -> 26441.777 | I20: =IF($H$20=0,0,H20/$H$20) -> 1 | K20: SLA (informar)
B21: Confere com o Resumo_Mensal? | H21: =IF(ROUND(H20-D6,2)=0,"✔ confere","✘ diferença") -> ✔ confere | K21: Indicador | L21: Meta | M21: 46235 | N21: 46266 | O21: 46296 | P21: 46327 | Q21: 46357
K22: N° Atendimentos | L22: 276 | M22: 225
B23: NÃO ABATEM O CONTRATO | F23: COMPENSAÇÕES DO MÊS | K23: Backlog | L23: 321 | M23: 425
B24: Horas justificadas | C24: =IFERROR(INDEX(Resumo_Mensal!$K$5:$K$16,MATCH($C$3,Resumo_Mensal!$A$5:$A$16,0)),0) -> 8.5625 | F24: Compensado e aprovado (h) | I24: =SUMIFS(L_Compensado,L_Mes,$C$3,L_Equipe,P_EquipePrincipal) -> 2.25 | K24: Encarregado | L24: 2 | M24: 2
B25: Valor das justificadas (R$) | C25: =IFERROR(INDEX(Resumo_Mensal!$L$5:$L$16,MATCH($C$3,Resumo_Mensal!$A$5:$A$16,0)),0) -> 12001.698 | F25: Aguardando aprovação (h) | I25: =SUMIFS(L_Pendente,L_Mes,$C$3,L_Equipe,P_EquipePrincipal) -> 0 | K25: Serralheiro 1 | L25: 4 | M25: 5
F26: "Horas Compensadas" sem vínculo (linhas) | I26: =COUNTIFS(L_Alerta,"VINCULAR*",L_Mes,$C$3) -> 0 | K26: Serralheiro 2 | L26: 7 | M26: 6
F27: Registros p/ completar na aba Compensações | I27: =COUNTIFS(CP_Situacao,"PREENCHER*")+COUNTIFS(CP_Situacao,"CONFERIR*")+COUNTIFS(CP_Situacao,"PENDENTE*") -> 12
B29: FERISTA | F29: HORA EXTRA
B30: Horas trabalhadas do ferista | C30: =IFERROR(INDEX(Resumo_Mensal!$V$5:$V$16,MATCH($C$3,Resumo_Mensal!$A$5:$A$16,0)),0) -> 0 | F30: HE total (h) | I30: =IFERROR(INDEX(Resumo_Mensal!$O$5:$O$16,MATCH($C$3,Resumo_Mensal!$A$5:$A$16,0)),0)+IFERROR(INDEX(Resumo_Mensal!$P$5:$P$16,MATCH($C$3,Resumo_Mensal!$A$5:$A$16,0)),0) -> 1.3333333
B31: Horas que cobriram faltas (não abatem) | C31: =IFERROR(INDEX(Resumo_Mensal!$D$5:$D$16,MATCH($C$3,Resumo_Mensal!$A$5:$A$16,0)),0) -> 0 | F31: HE total (R$) | I31: =IFERROR(INDEX(Resumo_Mensal!$Q$5:$Q$16,MATCH($C$3,Resumo_Mensal!$A$5:$A$16,0)),0) -> 3700.847
B32: Horas do ferista sem cobertura | C32: =IFERROR(INDEX(Resumo_Mensal!$W$5:$W$16,MATCH($C$3,Resumo_Mensal!$A$5:$A$16,0)),0) -> 0 | F32: HE pagas por EI (R$) | I32: =IFERROR(INDEX(Resumo_Mensal!$R$5:$R$16,MATCH($C$3,Resumo_Mensal!$A$5:$A$16,0)),0) -> 0
B33: Cobertura automática ligada? | C33: =P_CoberturaAuto -> Sim | F33: HE pagas pela área (R$) | I33: =IFERROR(INDEX(Resumo_Mensal!$S$5:$S$16,MATCH($C$3,Resumo_Mensal!$A$5:$A$16,0)),0) -> 3700.847
B35: OPERAÇÃO | F35: SALDO
B36: Horas trabalhadas (equipe + HE) | C36: =IFERROR(INDEX(Resumo_Mensal!$N$5:$N$16,MATCH($C$3,Resumo_Mensal!$A$5:$A$16,0)),0) -> 80.020833 | F36: Saldo do mês (R$) | I36: =IFERROR(INDEX(Resumo_Mensal!$T$5:$T$16,MATCH($C$3,Resumo_Mensal!$A$5:$A$16,0)),0) -> 38302.737
B37: Horas SPOT | C37: =IFERROR(INDEX(Resumo_Mensal!$X$5:$X$16,MATCH($C$3,Resumo_Mensal!$A$5:$A$16,0)),0) -> 4.6666667 | F37: Saldo acumulado no ano (R$) | I37: =IFERROR(INDEX(Resumo_Mensal!$U$5:$U$16,MATCH($C$3,Resumo_Mensal!$A$5:$A$16,0)),0) -> 171967.24
B38: Lançamentos com desconto | C38: =IFERROR(INDEX(Resumo_Mensal!$Y$5:$Y$16,MATCH($C$3,Resumo_Mensal!$A$5:$A$16,0)),0) -> 61

Sheet Lancamentos
A1: LANÇAMENTOS DIÁRIOS — uma linha por pessoa por dia
A2: AMARELO = você preenche (A–G no dia a dia; H–M só em casos especiais). AZUL = automático, não digite por cima. Coluna AG explica de onde veio o desconto; AH mostra o que precisa de atenção. | AJ2: AUXILIARES (não editar) — clique no [+] acima para ver
A3: Data | B3: Funcionário | C3: Status | D3: Ponto (HH:MM#HH:MM = H:MM) | E3: Horas ausente (manual, se não tiver ponto) | F3: Horas trabalhadas (manual, fora da jornada) | G3: Observação | H3: Função (só posto vago) | I3: Turno no dia (se diferente) | J3: Situação atípica | K3: Desconto extra (h) | L3: Justificadas extra (h) | M3: Perdoadas por acordo (h) | N3: Mês | O3: RG | P3: Equipe | Q3: Contrato | R3: Função | S3: Turno | T3: Valor HH (R$) | U3: Jornada (h) | V3: Horas trabalhadas | W3: Horas de ausência | X3: Conta no absenteísmo? | Y3: Horas brutas a descontar | Z3: (−) Coberto pelo ferista | AA3: (−) Compensado (aprovado) | AB3: (−) Perdoado por acordo | AC3: Horas descontadas | AD3: Valor descontado (R$) | AE3: Valor justificadas (R$) | AF3: Categoria | AG3: De onde vem (rastreio) | AH3: Alerta / conferir | AJ3: vig# | AK3: Horas ponto | AL3: Modo ausência | AM3: Conta (tabela) | AN3: Trabalho? (tabela) | AO3: Déficit ponto | AP3: Chave pessoa|dia | AQ3: Chave cobertura | AR3: Ordem cobertura | AS3: Capacidade ferista | AT3: Cobertura alocada | AU3: Compensação pendente
A4: 46064 | C4: Ausências S/ Justificativa | H4: SERRALHEIRO II | N4: =IF($A4="","",DATE(YEAR($A4),MONTH($A4),1)) -> 46054 | O4: =IF(TRIM($B4)="","",IFERROR(INDEX(C_RG,MATCH(TRIM($B4),C_Nome,0)),"?")) | P4: =IF($A4="","",IF(TRIM($B4)="",P_EquipePostoVago,IF($AJ4="","",INDEX(V_Equipe,$AJ4)))) -> Serralheria | Q4: =IF($A4="","",IF(TRIM($B4)="","Posto Vago",IF($AJ4="","",INDEX(V_Contrato,$AJ4)))) -> Posto Vago | R4: =IF($A4="","",IF(TRIM($B4)="",$H4,IF($AJ4="","",INDEX(V_Funcao,$AJ4)))) -> SERRALHEIRO II | S4: =IF($A4="","",IF($I4<>"",$I4,IF(TRIM($B4)="","ADM",IF($AJ4="","",INDEX(V_Turno,$AJ4))))) -> ADM | T4: =IF(OR($A4="",$R4=""),"",IFERROR(INDEX(F_Valor,MATCH($R4&"|"&SUMPRODUCT(MAX((F_Funcao=$R4)*(F_Ini<=$A4)*F_Ini)),F_Chave,0)),"")) -> 53.080351 | U4: =IF(OR($A4="",$S4=""),0,IFERROR(INDEX(T_Horas,MATCH($S4,T_Turno,0),WEEKDAY($A4,2)),0)) -> 0.375 | V4: =IF($A4="",0,MAX(IF($F4<>"",N($F4),IF($AN4="Sim",IF($AK4<>"",$AK4,$U4),$U4-$W4))-IF($J4="Situação Atípica - Presente",N($K4),0),0)) -> 0 | W4: =IF($A4="",0,IF($E4<>"",N($E4),IF($AL4="Dia inteiro",$U4,IF($AL4="Pelo ponto",IF($AK4="",$U4,MAX($U4-$AK4,0)),IF(AND($AL4="Leve atraso",$AO4<>""),IF(AND($AO4>P_LeveMin,$AO4<=P_LeveMax),$AO4,0),0))))) -> 0.375 | X4: =IF($A4="","",IF(OR($Q4="Ferista",$Q4=""),"Não",IF(AND($AL4="Leve atraso",$W4>0,$A4>=P_InicioRegras),"Sim",IF(OR($J4<>"",$K4<>"",$L4<>""),"Não",$AM4)))) -> Sim | Y4: =IF($A4="",0,IF($Q4="Ferista",0,IF($X4="Sim",$W4,0)+N($K4))) -> 0.375 | Z4: =IF($X4="Sim",$AT4,0) -> 0 | AA4: =IF($AP4="",0,MIN(MAX($Y4-$Z4,0),SUMIFS(CP_Horas,CP_ChaveFalta,$AP4,CP_Aprov,"Sim"))) -> 0 | AB4: =IF($A4="",0,MIN(MAX($Y4-$Z4-$AA4,0),N($M4))) -> 0 | AC4: =IF($A4="",0,MAX($Y4-$Z4-$AA4-$AB4,0)) -> 0.375 | AD4: =IF(OR($AC4=0,$T4=""),0,$AC4*24*$T4) -> 477.72316 | AE4: =IF(OR($A4="",$T4=""),0,(IF($AF4="Justificada",$W4,0)+N($L4))*24*$T4) -> 0 | AF4: =IF($A4="","",IF($J4<>"","Situação atípica",IF(AND($AL4="Leve atraso",$W4>0),"Leve atraso",IFERROR(INDEX(S_Cat,MATCH($C4,S_Status,0)),"Outros")))) -> Injustificada | AG4: =IF($A4="","",TRIM(IF($Z4>0,"Ferista cobriu "&TEXT($Z4,"[h]:mm")&"h. ","")&IF($AA4>0,"Compensado "&TEXT($AA4,"[h]:mm")&"h por "&IFERROR(INDEX(CP_Quem,MATCH($AP4,CP_ChaveFalta,0)),"?")&". ","")&IF($AU4>0,"Compensação aguardando aprovação ("&TEXT($AU4,"[h]:mm")&"h). ","")&IF($AB4>0,"Perdoado por acordo "&TEXT($AB4,"[h]:mm")&"h. ","")&IF(AND($AP4<>"",COUNTIF(CP_ChaveQuem,$AP4)>0),"Horas usadas p/ compensar falta de "&INDEX(CP_Falta,MATCH($AP4,CP_ChaveQuem,0))&" de "&TEXT(INDEX(CP_DataFalta,MATCH($AP4,CP_ChaveQuem,0)),"dd/mm")&". ","")&IF(AND($Q4="Ferista",SUMIFS(L_Ferista,L_Data,$A4,L_Equipe,$P4)>0),"Como ferista, cobriu "&TEXT(SUMIFS(L_Ferista,L_Data,$A4,L_Equipe,$P4),"[h]:mm")&"h de faltas da equipe. ","")&IF($AC4>0,"DESCONTA "&TEXT($AC4,"[h]:mm")&"h ("&$AF4&").",""))) -> DESCONTA 9:00h (Injustificada). | AH4: =IF($A4="","",IF($O4="?","CADASTRO: funcionário não está no Cadastro",IF(AND($O4<>"",$AJ4=""),"CADASTRO: sem vigência (função/turno) nesta data",IF(AND($AP4<>"",COUNTIF(L_ChavePD,$AP4)>1),"DUPLICADO: mesma pessoa 2x no dia",IF($A4<P_InicioRegras,"",IF(AND($C4="Horas Compensadas",COUNTIF(CP_ChaveQuem,$AP4)=0),"VINCULAR: registrar na aba Compensações de quem é a falta",IF($AU4>0,"APROVAR: compensação pendente na aba Compensações",IF(AND($AQ4<>"",$AS4>0,$AT4<$W4,$AC4>0),"FERISTA: horas do ferista não cobriram toda a falta",IF(AND($AL4="Pelo ponto",$AK4="",$E4="",$X4="Sim"),"PONTO: sem ponto nem horas manuais — descontando jornada cheia",IF(AND($AL4="Leve atraso",$E4="",N($AO4)>P_LeveMax),"CLASSIFICAR: ponto mostra atraso > 30 min — trocar o Status",IF($AF4="Leve atraso","AJUSTAR STATUS: atraso lançado como Horas Trabalhadas",IF(AND(N($K4)>0,$G4=""),"OBSERVAÇÃO: desconto extra sem observação",IF(AND($J4<>"",N($K4)+N($L4)>$U4),"CONFERIR: horas manuais maiores que a jornada",""))))))))))))) | AJ4: =IF(OR($A4="",$O4="",$O4="?"),"",IFERROR(MATCH($O4&"|"&SUMPRODUCT(MAX((V_RG=$O4)*(V_Ini<=$A4)*V_Ini)),V_Chave,0),"")) | AK4: =IF(ISNUMBER(SEARCH(" = ",$D4)),IFERROR(TIMEVALUE(TRIM(RIGHT($D4,5))),""),"") | AL4: =IF($C4="","",IFERROR(INDEX(S_Modo,MATCH($C4,S_Status,0)),"Não")) -> Dia inteiro | AM4: =IF($C4="","",IFERROR(INDEX(S_Conta,MATCH($C4,S_Status,0)),"Não")) -> Sim | AN4: =IF($C4="","",IFERROR(INDEX(S_Trab,MATCH($C4,S_Status,0)),"Não")) -> Não | AO4: =IF(OR($A4="",$AK4=""),"",$U4-$AK4-IF($J4<>"Situação Atípica - Presente",N($K4)+N($L4),0)) | AP4: =IF(OR($A4="",TRIM($B4)=""),"",TRIM($B4)&"|"&$A4) | AQ4: =IF(AND(P_CoberturaAuto="Sim",$A4<>"",$A4>=P_InicioRegras,$Q4="Normal / Fixo",$R4<>"",ISERROR(SEARCH("ENCARREGADO",$R4)),$AM4="Sim",$W4>0),$A4&"|"&$P4,"") | AR4: =IF($AQ4="","",COUNTIFS(L_ChaveCob,$AQ4,L_Ausencia,">"&$W4)+COUNTIFS($AQ$4:$AQ4,$AQ4,$W$4:$W4,$W4)) | AS4: =IF($AQ4="",0,SUMIFS(L_Trab,L_Data,$A4,L_Equipe,$P4,L_Contrato,"Ferista",L_Status,"<>Remanejamento")) -> 0 | AT4: =IF(OR($AQ4="",$AS4=0),0,MAX(MIN($W4,$AS4-SUMIFS(L_Ausencia,L_ChaveCob,$AQ4,L_OrdemCob,"<"&$AR4)),0)) -> 0 | AU4: =IF($AP4="",0,SUMIFS(CP_Horas,CP_ChaveFalta,$AP4,CP_Aprov,"<>Sim")) -> 0
A5: 46066 | C5: Ausências S/ Justificativa | H5: SERRALHEIRO I | N5: =IF($A5="","",DATE(YEAR($A5),MONTH($A5),1)) -> 46054 | O5: =IF(TRIM($B5)="","",IFERROR(INDEX(C_RG,MATCH(TRIM($B5),C_Nome,0)),"?")) | P5: =IF($A5="","",IF(TRIM($B5)="",P_EquipePostoVago,IF($AJ5="","",INDEX(V_Equipe,$AJ5)))) -> Serralheria | Q5: =IF($A5="","",IF(TRIM($B5)="","Posto Vago",IF($AJ5="","",INDEX(V_Contrato,$AJ5)))) -> Posto Vago | R5: =IF($A5="","",IF(TRIM($B5)="",$H5,IF($AJ5="","",INDEX(V_Funcao,$AJ5)))) -> SERRALHEIRO I | S5: =IF($A5="","",IF($I5<>"",$I5,IF(TRIM($B5)="","ADM",IF($AJ5="","",INDEX(V_Turno,$AJ5))))) -> ADM | T5: =IF(OR($A5="",$R5=""),"",IFERROR(INDEX(F_Valor,MATCH($R5&"|"&SUMPRODUCT(MAX((F_Funcao=$R5)*(F_Ini<=$A5)*F_Ini)),F_Chave,0)),"")) -> 49.098892 | U5: =IF(OR($A5="",$S5=""),0,IFERROR(INDEX(T_Horas,MATCH($S5,T_Turno,0),WEEKDAY($A5,2)),0)) -> 0.33333333 | V5: =IF($A5="",0,MAX(IF($F5<>"",N($F5),IF($AN5="Sim",IF($AK5<>"",$AK5,$U5),$U5-$W5))-IF($J5="Situação Atípica - Presente",N($K5),0),0)) -> 0 | W5: =IF($A5="",0,IF($E5<>"",N($E5),IF($AL5="Dia inteiro",$U5,IF($AL5="Pelo ponto",IF($AK5="",$U5,MAX($U5-$AK5,0)),IF(AND($AL5="Leve atraso",$AO5<>""),IF(AND($AO5>P_LeveMin,$AO5<=P_LeveMax),$AO5,0),0))))) -> 0.33333333 | X5: =IF($A5="","",IF(OR($Q5="Ferista",$Q5=""),"Não",IF(AND($AL5="Leve atraso",$W5>0,$A5>=P_InicioRegras),"Sim",IF(OR($J5<>"",$K5<>"",$L5<>""),"Não",$AM5)))) -> Sim | Y5: =IF($A5="",0,IF($Q5="Ferista",0,IF($X5="Sim",$W5,0)+N($K5))) -> 0.33333333 | Z5: =IF($X5="Sim",$AT5,0) -> 0 | AA5: =IF($AP5="",0,MIN(MAX($Y5-$Z5,0),SUMIFS(CP_Horas,CP_ChaveFalta,$AP5,CP_Aprov,"Sim"))) -> 0 | AB5: =IF($A5="",0,MIN(MAX($Y5-$Z5-$AA5,0),N($M5))) -> 0 | AC5: =IF($A5="",0,MAX($Y5-$Z5-$AA5-$AB5,0)) -> 0.33333333 | AD5: =IF(OR($AC5=0,$T5=""),0,$AC5*24*$T5) -> 392.79114 | AE5: =IF(OR($A5="",$T5=""),0,(IF($AF5="Justificada",$W5,0)+N($L5))*24*$T5) -> 0 | AF5: =IF($A5="","",IF($J5<>"","Situação atípica",IF(AND($AL5="Leve atraso",$W5>0),"Leve atraso",IFERROR(INDEX(S_Cat,MATCH($C5,S_Status,0)),"Outros")))) -> Injustificada | AG5: =IF($A5="","",TRIM(IF($Z5>0,"Ferista cobriu "&TEXT($Z5,"[h]:mm")&"h. ","")&IF($AA5>0,"Compensado "&TEXT($AA5,"[h]:mm")&"h por "&IFERROR(INDEX(CP_Quem,MATCH($AP5,CP_ChaveFalta,0)),"?")&". ","")&IF($AU5>0,"Compensação aguardando aprovação ("&TEXT($AU5,"[h]:mm")&"h). ","")&IF($AB5>0,"Perdoado por acordo "&TEXT($AB5,"[h]:mm")&"h. ","")&IF(AND($AP5<>"",COUNTIF(CP_ChaveQuem,$AP5)>0),"Horas usadas p/ compensar falta de "&INDEX(CP_Falta,MATCH($AP5,CP_ChaveQuem,0))&" de "&TEXT(INDEX(CP_DataFalta,MATCH($AP5,CP_ChaveQuem,0)),"dd/mm")&". ","")&IF(AND($Q5="Ferista",SUMIFS(L_Ferista,L_Data,$A5,L_Equipe,$P5)>0),"Como ferista, cobriu "&TEXT(SUMIFS(L_Ferista,L_Data,$A5,L_Equipe,$P5),"[h]:mm")&"h de faltas da equipe. ","")&IF($AC5>0,"DESCONTA "&TEXT($AC5,"[h]:mm")&"h ("&$AF5&").",""))) -> DESCONTA 8:00h (Injustificada). | AH5: =IF($A5="","",IF($O5="?","CADASTRO: funcionário não está no Cadastro",IF(AND($O5<>"",$AJ5=""),"CADASTRO: sem vigência (função/turno) nesta data",IF(AND($AP5<>"",COUNTIF(L_ChavePD,$AP5)>1),"DUPLICADO: mesma pessoa 2x no dia",IF($A5<P_InicioRegras,"",IF(AND($C5="Horas Compensadas",COUNTIF(CP_ChaveQuem,$AP5)=0),"VINCULAR: registrar na aba Compensações de quem é a falta",IF($AU5>0,"APROVAR: compensação pendente na aba Compensações",IF(AND($AQ5<>"",$AS5>0,$AT5<$W5,$AC5>0),"FERISTA: horas do ferista não cobriram toda a falta",IF(AND($AL5="Pelo ponto",$AK5="",$E5="",$X5="Sim"),"PONTO: sem ponto nem horas manuais — descontando jornada cheia",IF(AND($AL5="Leve atraso",$E5="",N($AO5)>P_LeveMax),"CLASSIFICAR: ponto mostra atraso > 30 min — trocar o Status",IF($AF5="Leve atraso","AJUSTAR STATUS: atraso lançado como Horas Trabalhadas",IF(AND(N($K5)>0,$G5=""),"OBSERVAÇÃO: desconto extra sem observação",IF(AND($J5<>"",N($K5)+N($L5)>$U5),"CONFERIR: horas manuais maiores que a jornada",""))))))))))))) | AJ5: =IF(OR($A5="",$O5="",$O5="?"),"",IFERROR(MATCH($O5&"|"&SUMPRODUCT(MAX((V_RG=$O5)*(V_Ini<=$A5)*V_Ini)),V_Chave,0),"")) | AK5: =IF(ISNUMBER(SEARCH(" = ",$D5)),IFERROR(TIMEVALUE(TRIM(RIGHT($D5,5))),""),"") | AL5: =IF($C5="","",IFERROR(INDEX(S_Modo,MATCH($C5,S_Status,0)),"Não")) -> Dia inteiro | AM5: =IF($C5="","",IFERROR(INDEX(S_Conta,MATCH($C5,S_Status,0)),"Não")) -> Sim | AN5: =IF($C5="","",IFERROR(INDEX(S_Trab,MATCH($C5,S_Status,0)),"Não")) -> Não | AO5: =IF(OR($A5="",$AK5=""),"",$U5-$AK5-IF($J5<>"Situação Atípica - Presente",N($K5)+N($L5),0)) | AP5: =IF(OR($A5="",TRIM($B5)=""),"",TRIM($B5)&"|"&$A5) | AQ5: =IF(AND(P_CoberturaAuto="Sim",$A5<>"",$A5>=P_InicioRegras,$Q5="Normal / Fixo",$R5<>"",ISERROR(SEARCH("ENCARREGADO",$R5)),$AM5="Sim",$W5>0),$A5&"|"&$P5,"") | AR5: =IF($AQ5="","",COUNTIFS(L_ChaveCob,$AQ5,L_Ausencia,">"&$W5)+COUNTIFS($AQ$4:$AQ5,$AQ5,$W$4:$W5,$W5)) | AS5: =IF($AQ5="",0,SUMIFS(L_Trab,L_Data,$A5,L_Equipe,$P5,L_Contrato,"Ferista",L_Status,"<>Remanejamento")) -> 0 | AT5: =IF(OR($AQ5="",$AS5=0),0,MAX(MIN($W5,$AS5-SUMIFS(L_Ausencia,L_ChaveCob,$AQ5,L_OrdemCob,"<"&$AR5)),0)) -> 0 | AU5: =IF($AP5="",0,SUMIFS(CP_Horas,CP_ChaveFalta,$AP5,CP_Aprov,"<>Sim")) -> 0
A6: 46066 | C6: Ausências S/ Justificativa | H6: SERRALHEIRO I | N6: =IF($A6="","",DATE(YEAR($A6),MONTH($A6),1)) -> 46054 | O6: =IF(TRIM($B6)="","",IFERROR(INDEX(C_RG,MATCH(TRIM($B6),C_Nome,0)),"?")) | P6: =IF($A6="","",IF(TRIM($B6)="",P_EquipePostoVago,IF($AJ6="","",INDEX(V_Equipe,$AJ6)))) -> Serralheria | Q6: =IF($A6="","",IF(TRIM($B6)="","Posto Vago",IF($AJ6="","",INDEX(V_Contrato,$AJ6)))) -> Posto Vago | R6: =IF($A6="","",IF(TRIM($B6)="",$H6,IF($AJ6="","",INDEX(V_Funcao,$AJ6)))) -> SERRALHEIRO I | S6: =IF($A6="","",IF($I6<>"",$I6,IF(TRIM($B6)="","ADM",IF($AJ6="","",INDEX(V_Turno,$AJ6))))) -> ADM | T6: =IF(OR($A6="",$R6=""),"",IFERROR(INDEX(F_Valor,MATCH($R6&"|"&SUMPRODUCT(MAX((F_Funcao=$R6)*(F_Ini<=$A6)*F_Ini)),F_Chave,0)),"")) -> 49.098892 | U6: =IF(OR($A6="",$S6=""),0,IFERROR(INDEX(T_Horas,MATCH($S6,T_Turno,0),WEEKDAY($A6,2)),0)) -> 0.33333333 | V6: =IF($A6="",0,MAX(IF($F6<>"",N($F6),IF($AN6="Sim",IF($AK6<>"",$AK6,$U6),$U6-$W6))-IF($J6="Situação Atípica - Presente",N($K6),0),0)) -> 0 | W6: =IF($A6="",0,IF($E6<>"",N($E6),IF($AL6="Dia inteiro",$U6,IF($AL6="Pelo ponto",IF($AK6="",$U6,MAX($U6-$AK6,0)),IF(AND($AL6="Leve atraso",$AO6<>""),IF(AND($AO6>P_LeveMin,$AO6<=P_LeveMax),$AO6,0),0))))) -> 0.33333333 | X6: =IF($A6="","",IF(OR($Q6="Ferista",$Q6=""),"Não",IF(AND($AL6="Leve atraso",$W6>0,$A6>=P_InicioRegras),"Sim",IF(OR($J6<>"",$K6<>"",$L6<>""),"Não",$AM6)))) -> Sim | Y6: =IF($A6="",0,IF($Q6="Ferista",0,IF($X6="Sim",$W6,0)+N($K6))) -> 0.33333333 | Z6: =IF($X6="Sim",$AT6,0) -> 0 | AA6: =IF($AP6="",0,MIN(MAX($Y6-$Z6,0),SUMIFS(CP_Horas,CP_ChaveFalta,$AP6,CP_Aprov,"Sim"))) -> 0 | AB6: =IF($A6="",0,MIN(MAX($Y6-$Z6-$AA6,0),N($M6))) -> 0 | AC6: =IF($A6="",0,MAX($Y6-$Z6-$AA6-$AB6,0)) -> 0.33333333 | AD6: =IF(OR($AC6=0,$T6=""),0,$AC6*24*$T6) -> 392.79114 | AE6: =IF(OR($A6="",$T6=""),0,(IF($AF6="Justificada",$W6,0)+N($L6))*24*$T6) -> 0 | AF6: =IF($A6="","",IF($J6<>"","Situação atípica",IF(AND($AL6="Leve atraso",$W6>0),"Leve atraso",IFERROR(INDEX(S_Cat,MATCH($C6,S_Status,0)),"Outros")))) -> Injustificada | AG6: =IF($A6="","",TRIM(IF($Z6>0,"Ferista cobriu "&TEXT($Z6,"[h]:mm")&"h. ","")&IF($AA6>0,"Compensado "&TEXT($AA6,"[h]:mm")&"h por "&IFERROR(INDEX(CP_Quem,MATCH($AP6,CP_ChaveFalta,0)),"?")&". ","")&IF($AU6>0,"Compensação aguardando aprovação ("&TEXT($AU6,"[h]:mm")&"h). ","")&IF($AB6>0,"Perdoado por acordo "&TEXT($AB6,"[h]:mm")&"h. ","")&IF(AND($AP6<>"",COUNTIF(CP_ChaveQuem,$AP6)>0),"Horas usadas p/ compensar falta de "&INDEX(CP_Falta,MATCH($AP6,CP_ChaveQuem,0))&" de "&TEXT(INDEX(CP_DataFalta,MATCH($AP6,CP_ChaveQuem,0)),"dd/mm")&". ","")&IF(AND($Q6="Ferista",SUMIFS(L_Ferista,L_Data,$A6,L_Equipe,$P6)>0),"Como ferista, cobriu "&TEXT(SUMIFS(L_Ferista,L_Data,$A6,L_Equipe,$P6),"[h]:mm")&"h de faltas da equipe. ","")&IF($AC6>0,"DESCONTA "&TEXT($AC6,"[h]:mm")&"h ("&$AF6&").",""))) -> DESCONTA 8:00h (Injustificada). | AH6: =IF($A6="","",IF($O6="?","CADASTRO: funcionário não está no Cadastro",IF(AND($O6<>"",$AJ6=""),"CADASTRO: sem vigência (função/turno) nesta data",IF(AND($AP6<>"",COUNTIF(L_ChavePD,$AP6)>1),"DUPLICADO: mesma pessoa 2x no dia",IF($A6<P_InicioRegras,"",IF(AND($C6="Horas Compensadas",COUNTIF(CP_ChaveQuem,$AP6)=0),"VINCULAR: registrar na aba Compensações de quem é a falta",IF($AU6>0,"APROVAR: compensação pendente na aba Compensações",IF(AND($AQ6<>"",$AS6>0,$AT6<$W6,$AC6>0),"FERISTA: horas do ferista não cobriram toda a falta",IF(AND($AL6="Pelo ponto",$AK6="",$E6="",$X6="Sim"),"PONTO: sem ponto nem horas manuais — descontando jornada cheia",IF(AND($AL6="Leve atraso",$E6="",N($AO6)>P_LeveMax),"CLASSIFICAR: ponto mostra atraso > 30 min — trocar o Status",IF($AF6="Leve atraso","AJUSTAR STATUS: atraso lançado como Horas Trabalhadas",IF(AND(N($K6)>0,$G6=""),"OBSERVAÇÃO: desconto extra sem observação",IF(AND($J6<>"",N($K6)+N($L6)>$U6),"CONFERIR: horas manuais maiores que a jornada",""))))))))))))) | AJ6: =IF(OR($A6="",$O6="",$O6="?"),"",IFERROR(MATCH($O6&"|"&SUMPRODUCT(MAX((V_RG=$O6)*(V_Ini<=$A6)*V_Ini)),V_Chave,0),"")) | AK6: =IF(ISNUMBER(SEARCH(" = ",$D6)),IFERROR(TIMEVALUE(TRIM(RIGHT($D6,5))),""),"") | AL6: =IF($C6="","",IFERROR(INDEX(S_Modo,MATCH($C6,S_Status,0)),"Não")) -> Dia inteiro | AM6: =IF($C6="","",IFERROR(INDEX(S_Conta,MATCH($C6,S_Status,0)),"Não")) -> Sim | AN6: =IF($C6="","",IFERROR(INDEX(S_Trab,MATCH($C6,S_Status,0)),"Não")) -> Não | AO6: =IF(OR($A6="",$AK6=""),"",$U6-$AK6-IF($J6<>"Situação Atípica - Presente",N($K6)+N($L6),0)) | AP6: =IF(OR($A6="",TRIM($B6)=""),"",TRIM($B6)&"|"&$A6) | AQ6: =IF(AND(P_CoberturaAuto="Sim",$A6<>"",$A6>=P_InicioRegras,$Q6="Normal / Fixo",$R6<>"",ISERROR(SEARCH("ENCARREGADO",$R6)),$AM6="Sim",$W6>0),$A6&"|"&$P6,"") | AR6: =IF($AQ6="","",COUNTIFS(L_ChaveCob,$AQ6,L_Ausencia,">"&$W6)+COUNTIFS($AQ$4:$AQ6,$AQ6,$W$4:$W6,$W6)) | AS6: =IF($AQ6="",0,SUMIFS(L_Trab,L_Data,$A6,L_Equipe,$P6,L_Contrato,"Ferista",L_Status,"<>Remanejamento")) -> 0 | AT6: =IF(OR($AQ6="",$AS6=0),0,MAX(MIN($W6,$AS6-SUMIFS(L_Ausencia,L_ChaveCob,$AQ6,L_OrdemCob,"<"&$AR6)),0)) -> 0 | AU6: =IF($AP6="",0,SUMIFS(CP_Horas,CP_ChaveFalta,$AP6,CP_Aprov,"<>Sim")) -> 0
A7: 46067 | C7: Horas Compensadas | H7: SERRALHEIRO I | N7: =IF($A7="","",DATE(YEAR($A7),MONTH($A7),1)) -> 46054 | O7: =IF(TRIM($B7)="","",IFERROR(INDEX(C_RG,MATCH(TRIM($B7),C_Nome,0)),"?")) | P7: =IF($A7="","",IF(TRIM($B7)="",P_EquipePostoVago,IF($AJ7="","",INDEX(V_Equipe,$AJ7)))) -> Serralheria | Q7: =IF($A7="","",IF(TRIM($B7)="","Posto Vago",IF($AJ7="","",INDEX(V_Contrato,$AJ7)))) -> Posto Vago | R7: =IF($A7="","",IF(TRIM($B7)="",$H7,IF($AJ7="","",INDEX(V_Funcao,$AJ7)))) -> SERRALHEIRO I | S7: =IF($A7="","",IF($I7<>"",$I7,IF(TRIM($B7)="","ADM",IF($AJ7="","",INDEX(V_Turno,$AJ7))))) -> ADM | T7: =IF(OR($A7="",$R7=""),"",IFERROR(INDEX(F_Valor,MATCH($R7&"|"&SUMPRODUCT(MAX((F_Funcao=$R7)*(F_Ini<=$A7)*F_Ini)),F_Chave,0)),"")) -> 49.098892 | U7: =IF(OR($A7="",$S7=""),0,IFERROR(INDEX(T_Horas,MATCH($S7,T_Turno,0),WEEKDAY($A7,2)),0)) -> 0 | V7: =IF($A7="",0,MAX(IF($F7<>"",N($F7),IF($AN7="Sim",IF($AK7<>"",$AK7,$U7),$U7-$W7))-IF($J7="Situação Atípica - Presente",N($K7),0),0)) -> 0 | W7: =IF($A7="",0,IF($E7<>"",N($E7),IF($AL7="Dia inteiro",$U7,IF($AL7="Pelo ponto",IF($AK7="",$U7,MAX($U7-$AK7,0)),IF(AND($AL7="Leve atraso",$AO7<>""),IF(AND($AO7>P_LeveMin,$AO7<=P_LeveMax),$AO7,0),0))))) -> 0 | X7: =IF($A7="","",IF(OR($Q7="Ferista",$Q7=""),"Não",IF(AND($AL7="Leve atraso",$W7>0,$A7>=P_InicioRegras),"Sim",IF(OR($J7<>"",$K7<>"",$L7<>""),"Não",$AM7)))) -> Não | Y7: =IF($A7="",0,IF($Q7="Ferista",0,IF($X7="Sim",$W7,0)+N($K7))) -> 0 | Z7: =IF($X7="Sim",$AT7,0) -> 0 | AA7: =IF($AP7="",0,MIN(MAX($Y7-$Z7,0),SUMIFS(CP_Horas,CP_ChaveFalta,$AP7,CP_Aprov,"Sim"))) -> 0 | AB7: =IF($A7="",0,MIN(MAX($Y7-$Z7-$AA7,0),N($M7))) -> 0 | AC7: =IF($A7="",0,MAX($Y7-$Z7-$AA7-$AB7,0)) -> 0 | AD7: =IF(OR($AC7=0,$T7=""),0,$AC7*24*$T7) -> 0 | AE7: =IF(OR($A7="",$T7=""),0,(IF($AF7="Justificada",$W7,0)+N($L7))*24*$T7) -> 0 | AF7: =IF($A7="","",IF($J7<>"","Situação atípica",IF(AND($AL7="Leve atraso",$W7>0),"Leve atraso",IFERROR(INDEX(S_Cat,MATCH($C7,S_Status,0)),"Outros")))) -> Compensação | AG7: =IF($A7="","",TRIM(IF($Z7>0,"Ferista cobriu "&TEXT($Z7,"[h]:mm")&"h. ","")&IF($AA7>0,"Compensado "&TEXT($AA7,"[h]:mm")&"h por "&IFERROR(INDEX(CP_Quem,MATCH($AP7,CP_ChaveFalta,0)),"?")&". ","")&IF($AU7>0,"Compensação aguardando aprovação ("&TEXT($AU7,"[h]:mm")&"h). ","")&IF($AB7>0,"Perdoado por acordo "&TEXT($AB7,"[h]:mm")&"h. ","")&IF(AND($AP7<>"",COUNTIF(CP_ChaveQuem,$AP7)>0),"Horas usadas p/ compensar falta de "&INDEX(CP_Falta,MATCH($AP7,CP_ChaveQuem,0))&" de "&TEXT(INDEX(CP_DataFalta,MATCH($AP7,CP_ChaveQuem,0)),"dd/mm")&". ","")&IF(AND($Q7="Ferista",SUMIFS(L_Ferista,L_Data,$A7,L_Equipe,$P7)>0),"Como ferista, cobriu "&TEXT(SUMIFS(L_Ferista,L_Data,$A7,L_Equipe,$P7),"[h]:mm")&"h de faltas da equipe. ","")&IF($AC7>0,"DESCONTA "&TEXT($AC7,"[h]:mm")&"h ("&$AF7&").",""))) | AH7: =IF($A7="","",IF($O7="?","CADASTRO: funcionário não está no Cadastro",IF(AND($O7<>"",$AJ7=""),"CADASTRO: sem vigência (função/turno) nesta data",IF(AND($AP7<>"",COUNTIF(L_ChavePD,$AP7)>1),"DUPLICADO: mesma pessoa 2x no dia",IF($A7<P_InicioRegras,"",IF(AND($C7="Horas Compensadas",COUNTIF(CP_ChaveQuem,$AP7)=0),"VINCULAR: registrar na aba Compensações de quem é a falta",IF($AU7>0,"APROVAR: compensação pendente na aba Compensações",IF(AND($AQ7<>"",$AS7>0,$AT7<$W7,$AC7>0),"FERISTA: horas do ferista não cobriram toda a falta",IF(AND($AL7="Pelo ponto",$AK7="",$E7="",$X7="Sim"),"PONTO: sem ponto nem horas manuais — descontando jornada cheia",IF(AND($AL7="Leve atraso",$E7="",N($AO7)>P_LeveMax),"CLASSIFICAR: ponto mostra atraso > 30 min — trocar o Status",IF($AF7="Leve atraso","AJUSTAR STATUS: atraso lançado como Horas Trabalhadas",IF(AND(N($K7)>0,$G7=""),"OBSERVAÇÃO: desconto extra sem observação",IF(AND($J7<>"",N($K7)+N($L7)>$U7),"CONFERIR: horas manuais maiores que a jornada",""))))))))))))) | AJ7: =IF(OR($A7="",$O7="",$O7="?"),"",IFERROR(MATCH($O7&"|"&SUMPRODUCT(MAX((V_RG=$O7)*(V_Ini<=$A7)*V_Ini)),V_Chave,0),"")) | AK7: =IF(ISNUMBER(SEARCH(" = ",$D7)),IFERROR(TIMEVALUE(TRIM(RIGHT($D7,5))),""),"") | AL7: =IF($C7="","",IFERROR(INDEX(S_Modo,MATCH($C7,S_Status,0)),"Não")) -> Não | AM7: =IF($C7="","",IFERROR(INDEX(S_Conta,MATCH($C7,S_Status,0)),"Não")) -> Não | AN7: =IF($C7="","",IFERROR(INDEX(S_Trab,MATCH($C7,S_Status,0)),"Não")) -> Sim | AO7: =IF(OR($A7="",$AK7=""),"",$U7-$AK7-IF($J7<>"Situação Atípica - Presente",N($K7)+N($L7),0)) | AP7: =IF(OR($A7="",TRIM($B7)=""),"",TRIM($B7)&"|"&$A7) | AQ7: =IF(AND(P_CoberturaAuto="Sim",$A7<>"",$A7>=P_InicioRegras,$Q7="Normal / Fixo",$R7<>"",ISERROR(SEARCH("ENCARREGADO",$R7)),$AM7="Sim",$W7>0),$A7&"|"&$P7,"") | AR7: =IF($AQ7="","",COUNTIFS(L_ChaveCob,$AQ7,L_Ausencia,">"&$W7)+COUNTIFS($AQ$4:$AQ7,$AQ7,$W$4:$W7,$W7)) | AS7: =IF($AQ7="",0,SUMIFS(L_Trab,L_Data,$A7,L_Equipe,$P7,L_Contrato,"Ferista",L_Status,"<>Remanejamento")) -> 0 | AT7: =IF(OR($AQ7="",$AS7=0),0,MAX(MIN($W7,$AS7-SUMIFS(L_Ausencia,L_ChaveCob,$AQ7,L_OrdemCob,"<"&$AR7)),0)) -> 0 | AU7: =IF($AP7="",0,SUMIFS(CP_Horas,CP_ChaveFalta,$AP7,CP_Aprov,"<>Sim")) -> 0
A8: 46067 | C8: Horas Compensadas | H8: SERRALHEIRO II | N8: =IF($A8="","",DATE(YEAR($A8),MONTH($A8),1)) -> 46054 | O8: =IF(TRIM($B8)="","",IFERROR(INDEX(C_RG,MATCH(TRIM($B8),C_Nome,0)),"?")) | P8: =IF($A8="","",IF(TRIM($B8)="",P_EquipePostoVago,IF($AJ8="","",INDEX(V_Equipe,$AJ8)))) -> Serralheria | Q8: =IF($A8="","",IF(TRIM($B8)="","Posto Vago",IF($AJ8="","",INDEX(V_Contrato,$AJ8)))) -> Posto Vago | R8: =IF($A8="","",IF(TRIM($B8)="",$H8,IF($AJ8="","",INDEX(V_Funcao,$AJ8)))) -> SERRALHEIRO II | S8: =IF($A8="","",IF($I8<>"",$I8,IF(TRIM($B8)="","ADM",IF($AJ8="","",INDEX(V_Turno,$AJ8))))) -> ADM | T8: =IF(OR($A8="",$R8=""),"",IFERROR(INDEX(F_Valor,MATCH($R8&"|"&SUMPRODUCT(MAX((F_Funcao=$R8)*(F_Ini<=$A8)*F_Ini)),F_Chave,0)),"")) -> 53.080351 | U8: =IF(OR($A8="",$S8=""),0,IFERROR(INDEX(T_Horas,MATCH($S8,T_Turno,0),WEEKDAY($A8,2)),0)) -> 0 | V8: =IF($A8="",0,MAX(IF($F8<>"",N($F8),IF($AN8="Sim",IF($AK8<>"",$AK8,$U8),$U8-$W8))-IF($J8="Situação Atípica - Presente",N($K8),0),0)) -> 0 | W8: =IF($A8="",0,IF($E8<>"",N($E8),IF($AL8="Dia inteiro",$U8,IF($AL8="Pelo ponto",IF($AK8="",$U8,MAX($U8-$AK8,0)),IF(AND($AL8="Leve atraso",$AO8<>""),IF(AND($AO8>P_LeveMin,$AO8<=P_LeveMax),$AO8,0),0))))) -> 0 | X8: =IF($A8="","",IF(OR($Q8="Ferista",$Q8=""),"Não",IF(AND($AL8="Leve atraso",$W8>0,$A8>=P_InicioRegras),"Sim",IF(OR($J8<>"",$K8<>"",$L8<>""),"Não",$AM8)))) -> Não | Y8: =IF($A8="",0,IF($Q8="Ferista",0,IF($X8="Sim",$W8,0)+N($K8))) -> 0 | Z8: =IF($X8="Sim",$AT8,0) -> 0 | AA8: =IF($AP8="",0,MIN(MAX($Y8-$Z8,0),SUMIFS(CP_Horas,CP_ChaveFalta,$AP8,CP_Aprov,"Sim"))) -> 0 | AB8: =IF($A8="",0,MIN(MAX($Y8-$Z8-$AA8,0),N($M8))) -> 0 | AC8: =IF($A8="",0,MAX($Y8-$Z8-$AA8-$AB8,0)) -> 0 | AD8: =IF(OR($AC8=0,$T8=""),0,$AC8*24*$T8) -> 0 | AE8: =IF(OR($A8="",$T8=""),0,(IF($AF8="Justificada",$W8,0)+N($L8))*24*$T8) -> 0 | AF8: =IF($A8="","",IF($J8<>"","Situação atípica",IF(AND($AL8="Leve atraso",$W8>0),"Leve atraso",IFERROR(INDEX(S_Cat,MATCH($C8,S_Status,0)),"Outros")))) -> Compensação | AG8: =IF($A8="","",TRIM(IF($Z8>0,"Ferista cobriu "&TEXT($Z8,"[h]:mm")&"h. ","")&IF($AA8>0,"Compensado "&TEXT($AA8,"[h]:mm")&"h por "&IFERROR(INDEX(CP_Quem,MATCH($AP8,CP_ChaveFalta,0)),"?")&". ","")&IF($AU8>0,"Compensação aguardando aprovação ("&TEXT($AU8,"[h]:mm")&"h). ","")&IF($AB8>0,"Perdoado por acordo "&TEXT($AB8,"[h]:mm")&"h. ","")&IF(AND($AP8<>"",COUNTIF(CP_ChaveQuem,$AP8)>0),"Horas usadas p/ compensar falta de "&INDEX(CP_Falta,MATCH($AP8,CP_ChaveQuem,0))&" de "&TEXT(INDEX(CP_DataFalta,MATCH($AP8,CP_ChaveQuem,0)),"dd/mm")&". ","")&IF(AND($Q8="Ferista",SUMIFS(L_Ferista,L_Data,$A8,L_Equipe,$P8)>0),"Como ferista, cobriu "&TEXT(SUMIFS(L_Ferista,L_Data,$A8,L_Equipe,$P8),"[h]:mm")&"h de faltas da equipe. ","")&IF($AC8>0,"DESCONTA "&TEXT($AC8,"[h]:mm")&"h ("&$AF8&").",""))) | AH8: =IF($A8="","",IF($O8="?","CADASTRO: funcionário não está no Cadastro",IF(AND($O8<>"",$AJ8=""),"CADASTRO: sem vigência (função/turno) nesta data",IF(AND($AP8<>"",COUNTIF(L_ChavePD,$AP8)>1),"DUPLICADO: mesma pessoa 2x no dia",IF($A8<P_InicioRegras,"",IF(AND($C8="Horas Compensadas",COUNTIF(CP_ChaveQuem,$AP8)=0),"VINCULAR: registrar na aba Compensações de quem é a falta",IF($AU8>0,"APROVAR: compensação pendente na aba Compensações",IF(AND($AQ8<>"",$AS8>0,$AT8<$W8,$AC8>0),"FERISTA: horas do ferista não cobriram toda a falta",IF(AND($AL8="Pelo ponto",$AK8="",$E8="",$X8="Sim"),"PONTO: sem ponto nem horas manuais — descontando jornada cheia",IF(AND($AL8="Leve atraso",$E8="",N($AO8)>P_LeveMax),"CLASSIFICAR: ponto mostra atraso > 30 min — trocar o Status",IF($AF8="Leve atraso","AJUSTAR STATUS: atraso lançado como Horas Trabalhadas",IF(AND(N($K8)>0,$G8=""),"OBSERVAÇÃO: desconto extra sem observação",IF(AND($J8<>"",N($K8)+N($L8)>$U8),"CONFERIR: horas manuais maiores que a jornada",""))))))))))))) | AJ8: =IF(OR($A8="",$O8="",$O8="?"),"",IFERROR(MATCH($O8&"|"&SUMPRODUCT(MAX((V_RG=$O8)*(V_Ini<=$A8)*V_Ini)),V_Chave,0),"")) | AK8: =IF(ISNUMBER(SEARCH(" = ",$D8)),IFERROR(TIMEVALUE(TRIM(RIGHT($D8,5))),""),"") | AL8: =IF($C8="","",IFERROR(INDEX(S_Modo,MATCH($C8,S_Status,0)),"Não")) -> Não | AM8: =IF($C8="","",IFERROR(INDEX(S_Conta,MATCH($C8,S_Status,0)),"Não")) -> Não | AN8: =IF($C8="","",IFERROR(INDEX(S_Trab,MATCH($C8,S_Status,0)),"Não")) -> Sim | AO8: =IF(OR($A8="",$AK8=""),"",$U8-$AK8-IF($J8<>"Situação Atípica - Presente",N($K8)+N($L8),0)) | AP8: =IF(OR($A8="",TRIM($B8)=""),"",TRIM($B8)&"|"&$A8) | AQ8: =IF(AND(P_CoberturaAuto="Sim",$A8<>"",$A8>=P_InicioRegras,$Q8="Normal / Fixo",$R8<>"",ISERROR(SEARCH("ENCARREGADO",$R8)),$AM8="Sim",$W8>0),$A8&"|"&$P8,"") | AR8: =IF($AQ8="","",COUNTIFS(L_ChaveCob,$AQ8,L_Ausencia,">"&$W8)+COUNTIFS($AQ$4:$AQ8,$AQ8,$W$4:$W8,$W8)) | AS8: =IF($AQ8="",0,SUMIFS(L_Trab,L_Data,$A8,L_Equipe,$P8,L_Contrato,"Ferista",L_Status,"<>Remanejamento")) -> 0 | AT8: =IF(OR($AQ8="",$AS8=0),0,MAX(MIN($W8,$AS8-SUMIFS(L_Ausencia,L_ChaveCob,$AQ8,L_OrdemCob,"<"&$AR8)),0)) -> 0 | AU8: =IF($AP8="",0,SUMIFS(CP_Horas,CP_ChaveFalta,$AP8,CP_Aprov,"<>Sim")) -> 0
A9: 46067 | C9: Horas Compensadas | G9: Abatimento de horas conforme reunião | H9: SERRALHEIRO II | N9: =IF($A9="","",DATE(YEAR($A9),MONTH($A9),1)) -> 46054 | O9: =IF(TRIM($B9)="","",IFERROR(INDEX(C_RG,MATCH(TRIM($B9),C_Nome,0)),"?")) | P9: =IF($A9="","",IF(TRIM($B9)="",P_EquipePostoVago,IF($AJ9="","",INDEX(V_Equipe,$AJ9)))) -> Serralheria | Q9: =IF($A9="","",IF(TRIM($B9)="","Posto Vago",IF($AJ9="","",INDEX(V_Contrato,$AJ9)))) -> Posto Vago | R9: =IF($A9="","",IF(TRIM($B9)="",$H9,IF($AJ9="","",INDEX(V_Funcao,$AJ9)))) -> SERRALHEIRO II | S9: =IF($A9="","",IF($I9<>"",$I9,IF(TRIM($B9)="","ADM",IF($AJ9="","",INDEX(V_Turno,$AJ9))))) -> ADM | T9: =IF(OR($A9="",$R9=""),"",IFERROR(INDEX(F_Valor,MATCH($R9&"|"&SUMPRODUCT(MAX((F_Funcao=$R9)*(F_Ini<=$A9)*F_Ini)),F_Chave,0)),"")) -> 53.080351 | U9: =IF(OR($A9="",$S9=""),0,IFERROR(INDEX(T_Horas,MATCH($S9,T_Turno,0),WEEKDAY($A9,2)),0)) -> 0 | V9: =IF($A9="",0,MAX(IF($F9<>"",N($F9),IF($AN9="Sim",IF($AK9<>"",$AK9,$U9),$U9-$W9))-IF($J9="Situação Atípica - Presente",N($K9),0),0)) -> 0 | W9: =IF($A9="",0,IF($E9<>"",N($E9),IF($AL9="Dia inteiro",$U9,IF($AL9="Pelo ponto",IF($AK9="",$U9,MAX($U9-$AK9,0)),IF(AND($AL9="Leve atraso",$AO9<>""),IF(AND($AO9>P_LeveMin,$AO9<=P_LeveMax),$AO9,0),0))))) -> 0 | X9: =IF($A9="","",IF(OR($Q9="Ferista",$Q9=""),"Não",IF(AND($AL9="Leve atraso",$W9>0,$A9>=P_InicioRegras),"Sim",IF(OR($J9<>"",$K9<>"",$L9<>""),"Não",$AM9)))) -> Não | Y9: =IF($A9="",0,IF($Q9="Ferista",0,IF($X9="Sim",$W9,0)+N($K9))) -> 0 | Z9: =IF($X9="Sim",$AT9,0) -> 0 | AA9: =IF($AP9="",0,MIN(MAX($Y9-$Z9,0),SUMIFS(CP_Horas,CP_ChaveFalta,$AP9,CP_Aprov,"Sim"))) -> 0 | AB9: =IF($A9="",0,MIN(MAX($Y9-$Z9-$AA9,0),N($M9))) -> 0 | AC9: =IF($A9="",0,MAX($Y9-$Z9-$AA9-$AB9,0)) -> 0 | AD9: =IF(OR($AC9=0,$T9=""),0,$AC9*24*$T9) -> 0 | AE9: =IF(OR($A9="",$T9=""),0,(IF($AF9="Justificada",$W9,0)+N($L9))*24*$T9) -> 0 | AF9: =IF($A9="","",IF($J9<>"","Situação atípica",IF(AND($AL9="Leve atraso",$W9>0),"Leve atraso",IFERROR(INDEX(S_Cat,MATCH($C9,S_Status,0)),"Outros")))) -> Compensação | AG9: =IF($A9="","",TRIM(IF($Z9>0,"Ferista cobriu "&TEXT($Z9,"[h]:mm")&"h. ","")&IF($AA9>0,"Compensado "&TEXT($AA9,"[h]:mm")&"h por "&IFERROR(INDEX(CP_Quem,MATCH($AP9,CP_ChaveFalta,0)),"?")&". ","")&IF($AU9>0,"Compensação aguardando aprovação ("&TEXT($AU9,"[h]:mm")&"h). ","")&IF($AB9>0,"Perdoado por acordo "&TEXT($AB9,"[h]:mm")&"h. ","")&IF(AND($AP9<>"",COUNTIF(CP_ChaveQuem,$AP9)>0),"Horas usadas p/ compensar falta de "&INDEX(CP_Falta,MATCH($AP9,CP_ChaveQuem,0))&" de "&TEXT(INDEX(CP_DataFalta,MATCH($AP9,CP_ChaveQuem,0)),"dd/mm")&". ","")&IF(AND($Q9="Ferista",SUMIFS(L_Ferista,L_Data,$A9,L_Equipe,$P9)>0),"Como ferista, cobriu "&TEXT(SUMIFS(L_Ferista,L_Data,$A9,L_Equipe,$P9),"[h]:mm")&"h de faltas da equipe. ","")&IF($AC9>0,"DESCONTA "&TEXT($AC9,"[h]:mm")&"h ("&$AF9&").",""))) | AH9: =IF($A9="","",IF($O9="?","CADASTRO: funcionário não está no Cadastro",IF(AND($O9<>"",$AJ9=""),"CADASTRO: sem vigência (função/turno) nesta data",IF(AND($AP9<>"",COUNTIF(L_ChavePD,$AP9)>1),"DUPLICADO: mesma pessoa 2x no dia",IF($A9<P_InicioRegras,"",IF(AND($C9="Horas Compensadas",COUNTIF(CP_ChaveQuem,$AP9)=0),"VINCULAR: registrar na aba Compensações de quem é a falta",IF($AU9>0,"APROVAR: compensação pendente na aba Compensações",IF(AND($AQ9<>"",$AS9>0,$AT9<$W9,$AC9>0),"FERISTA: horas do ferista não cobriram toda a falta",IF(AND($AL9="Pelo ponto",$AK9="",$E9="",$X9="Sim"),"PONTO: sem ponto nem horas manuais — descontando jornada cheia",IF(AND($AL9="Leve atraso",$E9="",N($AO9)>P_LeveMax),"CLASSIFICAR: ponto mostra atraso > 30 min — trocar o Status",IF($AF9="Leve atraso","AJUSTAR STATUS: atraso lançado como Horas Trabalhadas",IF(AND(N($K9)>0,$G9=""),"OBSERVAÇÃO: desconto extra sem observação",IF(AND($J9<>"",N($K9)+N($L9)>$U9),"CONFERIR: horas manuais maiores que a jornada",""))))))))))))) | AJ9: =IF(OR($A9="",$O9="",$O9="?"),"",IFERROR(MATCH($O9&"|"&SUMPRODUCT(MAX((V_RG=$O9)*(V_Ini<=$A9)*V_Ini)),V_Chave,0),"")) | AK9: =IF(ISNUMBER(SEARCH(" = ",$D9)),IFERROR(TIMEVALUE(TRIM(RIGHT($D9,5))),""),"") | AL9: =IF($C9="","",IFERROR(INDEX(S_Modo,MATCH($C9,S_Status,0)),"Não")) -> Não | AM9: =IF($C9="","",IFERROR(INDEX(S_Conta,MATCH($C9,S_Status,0)),"Não")) -> Não | AN9: =IF($C9="","",IFERROR(INDEX(S_Trab,MATCH($C9,S_Status,0)),"Não")) -> Sim | AO9: =IF(OR($A9="",$AK9=""),"",$U9-$AK9-IF($J9<>"Situação Atípica - Presente",N($K9)+N($L9),0)) | AP9: =IF(OR($A9="",TRIM($B9)=""),"",TRIM($B9)&"|"&$A9) | AQ9: =IF(AND(P_CoberturaAuto="Sim",$A9<>"",$A9>=P_InicioRegras,$Q9="Normal / Fixo",$R9<>"",ISERROR(SEARCH("ENCARREGADO",$R9)),$AM9="Sim",$W9>0),$A9&"|"&$P9,"") | AR9: =IF($AQ9="","",COUNTIFS(L_ChaveCob,$AQ9,L_Ausencia,">"&$W9)+COUNTIFS($AQ$4:$AQ9,$AQ9,$W$4:$W9,$W9)) | AS9: =IF($AQ9="",0,SUMIFS(L_Trab,L_Data,$A9,L_Equipe,$P9,L_Contrato,"Ferista",L_Status,"<>Remanejamento")) -> 0 | AT9: =IF(OR($AQ9="",$AS9=0),0,MAX(MIN($W9,$AS9-SUMIFS(L_Ausencia,L_ChaveCob,$AQ9,L_OrdemCob,"<"&$AR9)),0)) -> 0 | AU9: =IF($AP9="",0,SUMIFS(CP_Horas,CP_ChaveFalta,$AP9,CP_Aprov,"<>Sim")) -> 0
A10: 46069 | C10: Ausências Devido a Recesso | H10: ENCARREGADO | N10: =IF($A10="","",DATE(YEAR($A10),MONTH($A10),1)) -> 46054 | O10: =IF(TRIM($B10)="","",IFERROR(INDEX(C_RG,MATCH(TRIM($B10),C_Nome,0)),"?")) | P10: =IF($A10="","",IF(TRIM($B10)="",P_EquipePostoVago,IF($AJ10="","",INDEX(V_Equipe,$AJ10)))) -> Serralheria | Q10: =IF($A10="","",IF(TRIM($B10)="","Posto Vago",IF($AJ10="","",INDEX(V_Contrato,$AJ10)))) -> Posto Vago | R10: =IF($A10="","",IF(TRIM($B10)="",$H10,IF($AJ10="","",INDEX(V_Funcao,$AJ10)))) -> ENCARREGADO | S10: =IF($A10="","",IF($I10<>"",$I10,IF(TRIM($B10)="","ADM",IF($AJ10="","",INDEX(V_Turno,$AJ10))))) -> ADM | T10: =IF(OR($A10="",$R10=""),"",IFERROR(INDEX(F_Valor,MATCH($R10&"|"&SUMPRODUCT(MAX((F_Funcao=$R10)*(F_Ini<=$A10)*F_Ini)),F_Chave,0)),"")) -> 60.96 | U10: =IF(OR($A10="",$S10=""),0,IFERROR(INDEX(T_Horas,MATCH($S10,T_Turno,0),WEEKDAY($A10,2)),0)) -> 0.375 | V10: =IF($A10="",0,MAX(IF($F10<>"",N($F10),IF($AN10="Sim",IF($AK10<>"",$AK10,$U10),$U10-$W10))-IF($J10="Situação Atípica - Presente",N($K10),0),0)) -> 0 | W10: =IF($A10="",0,IF($E10<>"",N($E10),IF($AL10="Dia inteiro",$U10,IF($AL10="Pelo ponto",IF($AK10="",$U10,MAX($U10-$AK10,0)),IF(AND($AL10="Leve atraso",$AO10<>""),IF(AND($AO10>P_LeveMin,$AO10<=P_LeveMax),$AO10,0),0))))) -> 0.375 | X10: =IF($A10="","",IF(OR($Q10="Ferista",$Q10=""),"Não",IF(AND($AL10="Leve atraso",$W10>0,$A10>=P_InicioRegras),"Sim",IF(OR($J10<>"",$K10<>"",$L10<>""),"Não",$AM10)))) -> Sim | Y10: =IF($A10="",0,IF($Q10="Ferista",0,IF($X10="Sim",$W10,0)+N($K10))) -> 0.375 | Z10: =IF($X10="Sim",$AT10,0) -> 0 | AA10: =IF($AP10="",0,MIN(MAX($Y10-$Z10,0),SUMIFS(CP_Horas,CP_ChaveFalta,$AP10,CP_Aprov,"Sim"))) -> 0 | AB10: =IF($A10="",0,MIN(MAX($Y10-$Z10-$AA10,0),N($M10))) -> 0 | AC10: =IF($A10="",0,MAX($Y10-$Z10-$AA10-$AB10,0)) -> 0.375 | AD10: =IF(OR($AC10=0,$T10=""),0,$AC10*24*$T10) -> 548.64 | AE10: =IF(OR($A10="",$T10=""),0,(IF($AF10="Justificada",$W10,0)+N($L10))*24*$T10) -> 0 | AF10: =IF($A10="","",IF($J10<>"","Situação atípica",IF(AND($AL10="Leve atraso",$W10>0),"Leve atraso",IFERROR(INDEX(S_Cat,MATCH($C10,S_Status,0)),"Outros")))) -> Recesso | AG10: =IF($A10="","",TRIM(IF($Z10>0,"Ferista cobriu "&TEXT($Z10,"[h]:mm")&"h. ","")&IF($AA10>0,"Compensado "&TEXT($AA10,"[h]:mm")&"h por "&IFERROR(INDEX(CP_Quem,MATCH($AP10,CP_ChaveFalta,0)),"?")&". ","")&IF($AU10>0,"Compensação aguardando aprovação ("&TEXT($AU10,"[h]:mm")&"h). ","")&IF($AB10>0,"Perdoado por acordo "&TEXT($AB10,"[h]:mm")&"h. ","")&IF(AND($AP10<>"",COUNTIF(CP_ChaveQuem,$AP10)>0),"Horas usadas p/ compensar falta de "&INDEX(CP_Falta,MATCH($AP10,CP_ChaveQuem,0))&" de "&TEXT(INDEX(CP_DataFalta,MATCH($AP10,CP_ChaveQuem,0)),"dd/mm")&". ","")&IF(AND($Q10="Ferista",SUMIFS(L_Ferista,L_Data,$A10,L_Equipe,$P10)>0),"Como ferista, cobriu "&TEXT(SUMIFS(L_Ferista,L_Data,$A10,L_Equipe,$P10),"[h]:mm")&"h de faltas da equipe. ","")&IF($AC10>0,"DESCONTA "&TEXT($AC10,"[h]:mm")&"h ("&$AF10&").",""))) -> DESCONTA 9:00h (Recesso). | AH10: =IF($A10="","",IF($O10="?","CADASTRO: funcionário não está no Cadastro",IF(AND($O10<>"",$AJ10=""),"CADASTRO: sem vigência (função/turno) nesta data",IF(AND($AP10<>"",COUNTIF(L_ChavePD,$AP10)>1),"DUPLICADO: mesma pessoa 2x no dia",IF($A10<P_InicioRegras,"",IF(AND($C10="Horas Compensadas",COUNTIF(CP_ChaveQuem,$AP10)=0),"VINCULAR: registrar na aba Compensações de quem é a falta",IF($AU10>0,"APROVAR: compensação pendente na aba Compensações",IF(AND($AQ10<>"",$AS10>0,$AT10<$W10,$AC10>0),"FERISTA: horas do ferista não cobriram toda a falta",IF(AND($AL10="Pelo ponto",$AK10="",$E10="",$X10="Sim"),"PONTO: sem ponto nem horas manuais — descontando jornada cheia",IF(AND($AL10="Leve atraso",$E10="",N($AO10)>P_LeveMax),"CLASSIFICAR: ponto mostra atraso > 30 min — trocar o Status",IF($AF10="Leve atraso","AJUSTAR STATUS: atraso lançado como Horas Trabalhadas",IF(AND(N($K10)>0,$G10=""),"OBSERVAÇÃO: desconto extra sem observação",IF(AND($J10<>"",N($K10)+N($L10)>$U10),"CONFERIR: horas manuais maiores que a jornada",""))))))))))))) | AJ10: =IF(OR($A10="",$O10="",$O10="?"),"",IFERROR(MATCH($O10&"|"&SUMPRODUCT(MAX((V_RG=$O10)*(V_Ini<=$A10)*V_Ini)),V_Chave,0),"")) | AK10: =IF(ISNUMBER(SEARCH(" = ",$D10)),IFERROR(TIMEVALUE(TRIM(RIGHT($D10,5))),""),"") | AL10: =IF($C10="","",IFERROR(INDEX(S_Modo,MATCH($C10,S_Status,0)),"Não")) -> Dia inteiro | AM10: =IF($C10="","",IFERROR(INDEX(S_Conta,MATCH($C10,S_Status,0)),"Não")) -> Sim | AN10: =IF($C10="","",IFERROR(INDEX(S_Trab,MATCH($C10,S_Status,0)),"Não")) -> Não | AO10: =IF(OR($A10="",$AK10=""),"",$U10-$AK10-IF($J10<>"Situação Atípica - Presente",N($K10)+N($L10),0)) | AP10: =IF(OR($A10="",TRIM($B10)=""),"",TRIM($B10)&"|"&$A10) | AQ10: =IF(AND(P_CoberturaAuto="Sim",$A10<>"",$A10>=P_InicioRegras,$Q10="Normal / Fixo",$R10<>"",ISERROR(SEARCH("ENCARREGADO",$R10)),$AM10="Sim",$W10>0),$A10&"|"&$P10,"") | AR10: =IF($AQ10="","",COUNTIFS(L_ChaveCob,$AQ10,L_Ausencia,">"&$W10)+COUNTIFS($AQ$4:$AQ10,$AQ10,$W$4:$W10,$W10)) | AS10: =IF($AQ10="",0,SUMIFS(L_Trab,L_Data,$A10,L_Equipe,$P10,L_Contrato,"Ferista",L_Status,"<>Remanejamento")) -> 0 | AT10: =IF(OR($AQ10="",$AS10=0),0,MAX(MIN($W10,$AS10-SUMIFS(L_Ausencia,L_ChaveCob,$AQ10,L_OrdemCob,"<"&$AR10)),0)) -> 0 | AU10: =IF($AP10="",0,SUMIFS(CP_Horas,CP_ChaveFalta,$AP10,CP_Aprov,"<>Sim")) -> 0
A11: 46069 | C11: Ausências Devido a Recesso | H11: ENCARREGADO | N11: =IF($A11="","",DATE(YEAR($A11),MONTH($A11),1)) -> 46054 | O11: =IF(TRIM($B11)="","",IFERROR(INDEX(C_RG,MATCH(TRIM($B11),C_Nome,0)),"?")) | P11: =IF($A11="","",IF(TRIM($B11)="",P_EquipePostoVago,IF($AJ11="","",INDEX(V_Equipe,$AJ11)))) -> Serralheria | Q11: =IF($A11="","",IF(TRIM($B11)="","Posto Vago",IF($AJ11="","",INDEX(V_Contrato,$AJ11)))) -> Posto Vago | R11: =IF($A11="","",IF(TRIM($B11)="",$H11,IF($AJ11="","",INDEX(V_Funcao,$AJ11)))) -> ENCARREGADO | S11: =IF($A11="","",IF($I11<>"",$I11,IF(TRIM($B11)="","ADM",IF($AJ11="","",INDEX(V_Turno,$AJ11))))) -> ADM | T11: =IF(OR($A11="",$R11=""),"",IFERROR(INDEX(F_Valor,MATCH($R11&"|"&SUMPRODUCT(MAX((F_Funcao=$R11)*(F_Ini<=$A11)*F_Ini)),F_Chave,0)),"")) -> 60.96 | U11: =IF(OR($A11="",$S11=""),0,IFERROR(INDEX(T_Horas,MATCH($S11,T_Turno,0),WEEKDAY($A11,2)),0)) -> 0.375 | V11: =IF($A11="",0,MAX(IF($F11<>"",N($F11),IF($AN11="Sim",IF($AK11<>"",$AK11,$U11),$U11-$W11))-IF($J11="Situação Atípica - Presente",N($K11),0),0)) -> 0 | W11: =IF($A11="",0,IF($E11<>"",N($E11),IF($AL11="Dia inteiro",$U11,IF($AL11="Pelo ponto",IF($AK11="",$U11,MAX($U11-$AK11,0)),IF(AND($AL11="Leve atraso",$AO11<>""),IF(AND($AO11>P_LeveMin,$AO11<=P_LeveMax),$AO11,0),0))))) -> 0.375 | X11: =IF($A11="","",IF(OR($Q11="Ferista",$Q11=""),"Não",IF(AND($AL11="Leve atraso",$W11>0,$A11>=P_InicioRegras),"Sim",IF(OR($J11<>"",$K11<>"",$L11<>""),"Não",$AM11)))) -> Sim | Y11: =IF($A11="",0,IF($Q11="Ferista",0,IF($X11="Sim",$W11,0)+N($K11))) -> 0.375 | Z11: =IF($X11="Sim",$AT11,0) -> 0 | AA11: =IF($AP11="",0,MIN(MAX($Y11-$Z11,0),SUMIFS(CP_Horas,CP_ChaveFalta,$AP11,CP_Aprov,"Sim"))) -> 0 | AB11: =IF($A11="",0,MIN(MAX($Y11-$Z11-$AA11,0),N($M11))) -> 0 | AC11: =IF($A11="",0,MAX($Y11-$Z11-$AA11-$AB11,0)) -> 0.375 | AD11: =IF(OR($AC11=0,$T11=""),0,$AC11*24*$T11) -> 548.64 | AE11: =IF(OR($A11="",$T11=""),0,(IF($AF11="Justificada",$W11,0)+N($L11))*24*$T11) -> 0 | AF11: =IF($A11="","",IF($J11<>"","Situação atípica",IF(AND($AL11="Leve atraso",$W11>0),"Leve atraso",IFERROR(INDEX(S_Cat,MATCH($C11,S_Status,0)),"Outros")))) -> Recesso | AG11: =IF($A11="","",TRIM(IF($Z11>0,"Ferista cobriu "&TEXT($Z11,"[h]:mm")&"h. ","")&IF($AA11>0,"Compensado "&TEXT($AA11,"[h]:mm")&"h por "&IFERROR(INDEX(CP_Quem,MATCH($AP11,CP_ChaveFalta,0)),"?")&". ","")&IF($AU11>0,"Compensação aguardando aprovação ("&TEXT($AU11,"[h]:mm")&"h). ","")&IF($AB11>0,"Perdoado por acordo "&TEXT($AB11,"[h]:mm")&"h. ","")&IF(AND($AP11<>"",COUNTIF(CP_ChaveQuem,$AP11)>0),"Horas usadas p/ compensar falta de "&INDEX(CP_Falta,MATCH($AP11,CP_ChaveQuem,0))&" de "&TEXT(INDEX(CP_DataFalta,MATCH($AP11,CP_ChaveQuem,0)),"dd/mm")&". ","")&IF(AND($Q11="Ferista",SUMIFS(L_Ferista,L_Data,$A11,L_Equipe,$P11)>0),"Como ferista, cobriu "&TEXT(SUMIFS(L_Ferista,L_Data,$A11,L_Equipe,$P11),"[h]:mm")&"h de faltas da equipe. ","")&IF($AC11>0,"DESCONTA "&TEXT($AC11,"[h]:mm")&"h ("&$AF11&").",""))) -> DESCONTA 9:00h (Recesso). | AH11: =IF($A11="","",IF($O11="?","CADASTRO: funcionário não está no Cadastro",IF(AND($O11<>"",$AJ11=""),"CADASTRO: sem vigência (função/turno) nesta data",IF(AND($AP11<>"",COUNTIF(L_ChavePD,$AP11)>1),"DUPLICADO: mesma pessoa 2x no dia",IF($A11<P_InicioRegras,"",IF(AND($C11="Horas Compensadas",COUNTIF(CP_ChaveQuem,$AP11)=0),"VINCULAR: registrar na aba Compensações de quem é a falta",IF($AU11>0,"APROVAR: compensação pendente na aba Compensações",IF(AND($AQ11<>"",$AS11>0,$AT11<$W11,$AC11>0),"FERISTA: horas do ferista não cobriram toda a falta",IF(AND($AL11="Pelo ponto",$AK11="",$E11="",$X11="Sim"),"PONTO: sem ponto nem horas manuais — descontando jornada cheia",IF(AND($AL11="Leve atraso",$E11="",N($AO11)>P_LeveMax),"CLASSIFICAR: ponto mostra atraso > 30 min — trocar o Status",IF($AF11="Leve atraso","AJUSTAR STATUS: atraso lançado como Horas Trabalhadas",IF(AND(N($K11)>0,$G11=""),"OBSERVAÇÃO: desconto extra sem observação",IF(AND($J11<>"",N($K11)+N($L11)>$U11),"CONFERIR: horas manuais maiores que a jornada",""))))))))))))) | AJ11: =IF(OR($A11="",$O11="",$O11="?"),"",IFERROR(MATCH($O11&"|"&SUMPRODUCT(MAX((V_RG=$O11)*(V_Ini<=$A11)*V_Ini)),V_Chave,0),"")) | AK11: =IF(ISNUMBER(SEARCH(" = ",$D11)),IFERROR(TIMEVALUE(TRIM(RIGHT($D11,5))),""),"") | AL11: =IF($C11="","",IFERROR(INDEX(S_Modo,MATCH($C11,S_Status,0)),"Não")) -> Dia inteiro | AM11: =IF($C11="","",IFERROR(INDEX(S_Conta,MATCH($C11,S_Status,0)),"Não")) -> Sim | AN11: =IF($C11="","",IFERROR(INDEX(S_Trab,MATCH($C11,S_Status,0)),"Não")) -> Não | AO11: =IF(OR($A11="",$AK11=""),"",$U11-$AK11-IF($J11<>"Situação Atípica - Presente",N($K11)+N($L11),0)) | AP11: =IF(OR($A11="",TRIM($B11)=""),"",TRIM($B11)&"|"&$A11) | AQ11: =IF(AND(P_CoberturaAuto="Sim",$A11<>"",$A11>=P_InicioRegras,$Q11="Normal / Fixo",$R11<>"",ISERROR(SEARCH("ENCARREGADO",$R11)),$AM11="Sim",$W11>0),$A11&"|"&$P11,"") | AR11: =IF($AQ11="","",COUNTIFS(L_ChaveCob,$AQ11,L_Ausencia,">"&$W11)+COUNTIFS($AQ$4:$AQ11,$AQ11,$W$4:$W11,$W11)) | AS11: =IF($AQ11="",0,SUMIFS(L_Trab,L_Data,$A11,L_Equipe,$P11,L_Contrato,"Ferista",L_Status,"<>Remanejamento")) -> 0 | AT11: =IF(OR($AQ11="",$AS11=0),0,MAX(MIN($W11,$AS11-SUMIFS(L_Ausencia,L_ChaveCob,$AQ11,L_OrdemCob,"<"&$AR11)),0)) -> 0 | AU11: =IF($AP11="",0,SUMIFS(CP_Horas,CP_ChaveFalta,$AP11,CP_Aprov,"<>Sim")) -> 0
A12: 46069 | C12: Ausências Devido a Recesso | H12: SERRALHEIRO I | N12: =IF($A12="","",DATE(YEAR($A12),MONTH($A12),1)) -> 46054 | O12: =IF(TRIM($B12)="","",IFERROR(INDEX(C_RG,MATCH(TRIM($B12),C_Nome,0)),"?")) | P12: =IF($A12="","",IF(TRIM($B12)="",P_EquipePostoVago,IF($AJ12="","",INDEX(V_Equipe,$AJ12)))) -> Serralheria | Q12: =IF($A12="","",IF(TRIM($B12)="","Posto Vago",IF($AJ12="","",INDEX(V_Contrato,$AJ12)))) -> Posto Vago | R12: =IF($A12="","",IF(TRIM($B12)="",$H12,IF($AJ12="","",INDEX(V_Funcao,$AJ12)))) -> SERRALHEIRO I | S12: =IF($A12="","",IF($I12<>"",$I12,IF(TRIM($B12)="","ADM",IF($AJ12="","",INDEX(V_Turno,$AJ12))))) -> ADM | T12: =IF(OR($A12="",$R12=""),"",IFERROR(INDEX(F_Valor,MATCH($R12&"|"&SUMPRODUCT(MAX((F_Funcao=$R12)*(F_Ini<=$A12)*F_Ini)),F_Chave,0)),"")) -> 49.098892 | U12: =IF(OR($A12="",$S12=""),0,IFERROR(INDEX(T_Horas,MATCH($S12,T_Turno,0),WEEKDAY($A12,2)),0)) -> 0.375 | V12: =IF($A12="",0,MAX(IF($F12<>"",N($F12),IF($AN12="Sim",IF($AK12<>"",$AK12,$U12),$U12-$W12))-IF($J12="Situação Atípica - Presente",N($K12),0),0)) -> 0 | W12: =IF($A12="",0,IF($E12<>"",N($E12),IF($AL12="Dia inteiro",$U12,IF($AL12="Pelo ponto",IF($AK12="",$U12,MAX($U12-$AK12,0)),IF(AND($AL12="Leve atraso",$AO12<>""),IF(AND($AO12>P_LeveMin,$AO12<=P_LeveMax),$AO12,0),0))))) -> 0.375 | X12: =IF($A12="","",IF(OR($Q12="Ferista",$Q12=""),"Não",IF(AND($AL12="Leve atraso",$W12>0,$A12>=P_InicioRegras),"Sim",IF(OR($J12<>"",$K12<>"",$L12<>""),"Não",$AM12)))) -> Sim | Y12: =IF($A12="",0,IF($Q12="Ferista",0,IF($X12="Sim",$W12,0)+N($K12))) -> 0.375 | Z12: =IF($X12="Sim",$AT12,0) -> 0 | AA12: =IF($AP12="",0,MIN(MAX($Y12-$Z12,0),SUMIFS(CP_Horas,CP_ChaveFalta,$AP12,CP_Aprov,"Sim"))) -> 0 | AB12: =IF($A12="",0,MIN(MAX($Y12-$Z12-$AA12,0),N($M12))) -> 0 | AC12: =IF($A12="",0,MAX($Y12-$Z12-$AA12-$AB12,0)) -> 0.375 | AD12: =IF(OR($AC12=0,$T12=""),0,$AC12*24*$T12) -> 441.89003 | AE12: =IF(OR($A12="",$T12=""),0,(IF($AF12="Justificada",$W12,0)+N($L12))*24*$T12) -> 0 | AF12: =IF($A12="","",IF($J12<>"","Situação atípica",IF(AND($AL12="Leve atraso",$W12>0),"Leve atraso",IFERROR(INDEX(S_Cat,MATCH($C12,S_Status,0)),"Outros")))) -> Recesso | AG12: =IF($A12="","",TRIM(IF($Z12>0,"Ferista cobriu "&TEXT($Z12,"[h]:mm")&"h. ","")&IF($AA12>0,"Compensado "&TEXT($AA12,"[h]:mm")&"h por "&IFERROR(INDEX(CP_Quem,MATCH($AP12,CP_ChaveFalta,0)),"?")&". ","")&IF($AU12>0,"Compensação aguardando aprovação ("&TEXT($AU12,"[h]:mm")&"h). ","")&IF($AB12>0,"Perdoado por acordo "&TEXT($AB12,"[h]:mm")&"h. ","")&IF(AND($AP12<>"",COUNTIF(CP_ChaveQuem,$AP12)>0),"Horas usadas p/ compensar falta de "&INDEX(CP_Falta,MATCH($AP12,CP_ChaveQuem,0))&" de "&TEXT(INDEX(CP_DataFalta,MATCH($AP12,CP_ChaveQuem,0)),"dd/mm")&". ","")&IF(AND($Q12="Ferista",SUMIFS(L_Ferista,L_Data,$A12,L_Equipe,$P12)>0),"Como ferista, cobriu "&TEXT(SUMIFS(L_Ferista,L_Data,$A12,L_Equipe,$P12),"[h]:mm")&"h de faltas da equipe. ","")&IF($AC12>0,"DESCONTA "&TEXT($AC12,"[h]:mm")&"h ("&$AF12&").",""))) -> DESCONTA 9:00h (Recesso). | AH12: =IF($A12="","",IF($O12="?","CADASTRO: funcionário não está no Cadastro",IF(AND($O12<>"",$AJ12=""),"CADASTRO: sem vigência (função/turno) nesta data",IF(AND($AP12<>"",COUNTIF(L_ChavePD,$AP12)>1),"DUPLICADO: mesma pessoa 2x no dia",IF($A12<P_InicioRegras,"",IF(AND($C12="Horas Compensadas",COUNTIF(CP_ChaveQuem,$AP12)=0),"VINCULAR: registrar na aba Compensações de quem é a falta",IF($AU12>0,"APROVAR: compensação pendente na aba Compensações",IF(AND($AQ12<>"",$AS12>0,$AT12<$W12,$AC12>0),"FERISTA: horas do ferista não cobriram toda a falta",IF(AND($AL12="Pelo ponto",$AK12="",$E12="",$X12="Sim"),"PONTO: sem ponto nem horas manuais — descontando jornada cheia",IF(AND($AL12="Leve atraso",$E12="",N($AO12)>P_LeveMax),"CLASSIFICAR: ponto mostra atraso > 30 min — trocar o Status",IF($AF12="Leve atraso","AJUSTAR STATUS: atraso lançado como Horas Trabalhadas",IF(AND(N($K12)>0,$G12=""),"OBSERVAÇÃO: desconto extra sem observação",IF(AND($J12<>"",N($K12)+N($L12)>$U12),"CONFERIR: horas manuais maiores que a jornada",""))))))))))))) | AJ12: =IF(OR($A12="",$O12="",$O12="?"),"",IFERROR(MATCH($O12&"|"&SUMPRODUCT(MAX((V_RG=$O12)*(V_Ini<=$A12)*V_Ini)),V_Chave,0),"")) | AK12: =IF(ISNUMBER(SEARCH(" = ",$D12)),IFERROR(TIMEVALUE(TRIM(RIGHT($D12,5))),""),"") | AL12: =IF($C12="","",IFERROR(INDEX(S_Modo,MATCH($C12,S_Status,0)),"Não")) -> Dia inteiro | AM12: =IF($C12="","",IFERROR(INDEX(S_Conta,MATCH($C12,S_Status,0)),"Não")) -> Sim | AN12: =IF($C12="","",IFERROR(INDEX(S_Trab,MATCH($C12,S_Status,0)),"Não")) -> Não | AO12: =IF(OR($A12="",$AK12=""),"",$U12-$AK12-IF($J12<>"Situação Atípica - Presente",N($K12)+N($L12),0)) | AP12: =IF(OR($A12="",TRIM($B12)=""),"",TRIM($B12)&"|"&$A12) | AQ12: =IF(AND(P_CoberturaAuto="Sim",$A12<>"",$A12>=P_InicioRegras,$Q12="Normal / Fixo",$R12<>"",ISERROR(SEARCH("ENCARREGADO",$R12)),$AM12="Sim",$W12>0),$A12&"|"&$P12,"") | AR12: =IF($AQ12="","",COUNTIFS(L_ChaveCob,$AQ12,L_Ausencia,">"&$W12)+COUNTIFS($AQ$4:$AQ12,$AQ12,$W$4:$W12,$W12)) | AS12: =IF($AQ12="",0,SUMIFS(L_Trab,L_Data,$A12,L_Equipe,$P12,L_Contrato,"Ferista",L_Status,"<>Remanejamento")) -> 0 | AT12: =IF(OR($AQ12="",$AS12=0),0,MAX(MIN($W12,$AS12-SUMIFS(L_Ausencia,L_ChaveCob,$AQ12,L_OrdemCob,"<"&$AR12)),0)) -> 0 | AU12: =IF($AP12="",0,SUMIFS(CP_Horas,CP_ChaveFalta,$AP12,CP_Aprov,"<>Sim")) -> 0
A13: 46069 | C13: Ausências Devido a Recesso | H13: SERRALHEIRO I | N13: =IF($A13="","",DATE(YEAR($A13),MONTH($A13),1)) -> 46054 | O13: =IF(TRIM($B13)="","",IFERROR(INDEX(C_RG,MATCH(TRIM($B13),C_Nome,0)),"?")) | P13: =IF($A13="","",IF(TRIM($B13)="",P_EquipePostoVago,IF($AJ13="","",INDEX(V_Equipe,$AJ13)))) -> Serralheria | Q13: =IF($A13="","",IF(TRIM($B13)="","Posto Vago",IF($AJ13="","",INDEX(V_Contrato,$AJ13)))) -> Posto Vago | R13: =IF($A13="","",IF(TRIM($B13)="",$H13,IF($AJ13="","",INDEX(V_Funcao,$AJ13)))) -> SERRALHEIRO I | S13: =IF($A13="","",IF($I13<>"",$I13,IF(TRIM($B13)="","ADM",IF($AJ13="","",INDEX(V_Turno,$AJ13))))) -> ADM | T13: =IF(OR($A13="",$R13=""),"",IFERROR(INDEX(F_Valor,MATCH($R13&"|"&SUMPRODUCT(MAX((F_Funcao=$R13)*(F_Ini<=$A13)*F_Ini)),F_Chave,0)),"")) -> 49.098892 | U13: =IF(OR($A13="",$S13=""),0,IFERROR(INDEX(T_Horas,MATCH($S13,T_Turno,0),WEEKDAY($A13,2)),0)) -> 0.375 | V13: =IF($A13="",0,MAX(IF($F13<>"",N($F13),IF($AN13="Sim",IF($AK13<>"",$AK13,$U13),$U13-$W13))-IF($J13="Situação Atípica - Presente",N($K13),0),0)) -> 0 | W13: =IF($A13="",0,IF($E13<>"",N($E13),IF($AL13="Dia inteiro",$U13,IF($AL13="Pelo ponto",IF($AK13="",$U13,MAX($U13-$AK13,0)),IF(AND($AL13="Leve atraso",$AO13<>""),IF(AND($AO13>P_LeveMin,$AO13<=P_LeveMax),$AO13,0),0))))) -> 0.375 | X13: =IF($A13="","",IF(OR($Q13="Ferista",$Q13=""),"Não",IF(AND($AL13="Leve atraso",$W13>0,$A13>=P_InicioRegras),"Sim",IF(OR($J13<>"",$K13<>"",$L13<>""),"Não",$AM13)))) -> Sim | Y13: =IF($A13="",0,IF($Q13="Ferista",0,IF($X13="Sim",$W13,0)+N($K13))) -> 0.375 | Z13: =IF($X13="Sim",$AT13,0) -> 0 | AA13: =IF($AP13="",0,MIN(MAX($Y13-$Z13,0),SUMIFS(CP_Horas,CP_ChaveFalta,$AP13,CP_Aprov,"Sim"))) -> 0 | AB13: =IF($A13="",0,MIN(MAX($Y13-$Z13-$AA13,0),N($M13))) -> 0 | AC13: =IF($A13="",0,MAX($Y13-$Z13-$AA13-$AB13,0)) -> 0.375 | AD13: =IF(OR($AC13=0,$T13=""),0,$AC13*24*$T13) -> 441.89003 | AE13: =IF(OR($A13="",$T13=""),0,(IF($AF13="Justificada",$W13,0)+N($L13))*24*$T13) -> 0 | AF13: =IF($A13="","",IF($J13<>"","Situação atípica",IF(AND($AL13="Leve atraso",$W13>0),"Leve atraso",IFERROR(INDEX(S_Cat,MATCH($C13,S_Status,0)),"Outros")))) -> Recesso | AG13: =IF($A13="","",TRIM(IF($Z13>0,"Ferista cobriu "&TEXT($Z13,"[h]:mm")&"h. ","")&IF($AA13>0,"Compensado "&TEXT($AA13,"[h]:mm")&"h por "&IFERROR(INDEX(CP_Quem,MATCH($AP13,CP_ChaveFalta,0)),"?")&". ","")&IF($AU13>0,"Compensação aguardando aprovação ("&TEXT($AU13,"[h]:mm")&"h). ","")&IF($AB13>0,"Perdoado por acordo "&TEXT($AB13,"[h]:mm")&"h. ","")&IF(AND($AP13<>"",COUNTIF(CP_ChaveQuem,$AP13)>0),"Horas usadas p/ compensar falta de "&INDEX(CP_Falta,MATCH($AP13,CP_ChaveQuem,0))&" de "&TEXT(INDEX(CP_DataFalta,MATCH($AP13,CP_ChaveQuem,0)),"dd/mm")&". ","")&IF(AND($Q13="Ferista",SUMIFS(L_Ferista,L_Data,$A13,L_Equipe,$P13)>0),"Como ferista, cobriu "&TEXT(SUMIFS(L_Ferista,L_Data,$A13,L_Equipe,$P13),"[h]:mm")&"h de faltas da equipe. ","")&IF($AC13>0,"DESCONTA "&TEXT($AC13,"[h]:mm")&"h ("&$AF13&").",""))) -> DESCONTA 9:00h (Recesso). | AH13: =IF($A13="","",IF($O13="?","CADASTRO: funcionário não está no Cadastro",IF(AND($O13<>"",$AJ13=""),"CADASTRO: sem vigência (função/turno) nesta data",IF(AND($AP13<>"",COUNTIF(L_ChavePD,$AP13)>1),"DUPLICADO: mesma pessoa 2x no dia",IF($A13<P_InicioRegras,"",IF(AND($C13="Horas Compensadas",COUNTIF(CP_ChaveQuem,$AP13)=0),"VINCULAR: registrar na aba Compensações de quem é a falta",IF($AU13>0,"APROVAR: compensação pendente na aba Compensações",IF(AND($AQ13<>"",$AS13>0,$AT13<$W13,$AC13>0),"FERISTA: horas do ferista não cobriram toda a falta",IF(AND($AL13="Pelo ponto",$AK13="",$E13="",$X13="Sim"),"PONTO: sem ponto nem horas manuais — descontando jornada cheia",IF(AND($AL13="Leve atraso",$E13="",N($AO13)>P_LeveMax),"CLASSIFICAR: ponto mostra atraso > 30 min — trocar o Status",IF($AF13="Leve atraso","AJUSTAR STATUS: atraso lançado como Horas Trabalhadas",IF(AND(N($K13)>0,$G13=""),"OBSERVAÇÃO: desconto extra sem observação",IF(AND($J13<>"",N($K13)+N($L13)>$U13),"CONFERIR: horas manuais maiores que a jornada",""))))))))))))) | AJ13: =IF(OR($A13="",$O13="",$O13="?"),"",IFERROR(MATCH($O13&"|"&SUMPRODUCT(MAX((V_RG=$O13)*(V_Ini<=$A13)*V_Ini)),V_Chave,0),"")) | AK13: =IF(ISNUMBER(SEARCH(" = ",$D13)),IFERROR(TIMEVALUE(TRIM(RIGHT($D13,5))),""),"") | AL13: =IF($C13="","",IFERROR(INDEX(S_Modo,MATCH($C13,S_Status,0)),"Não")) -> Dia inteiro | AM13: =IF($C13="","",IFERROR(INDEX(S_Conta,MATCH($C13,S_Status,0)),"Não")) -> Sim | AN13: =IF($C13="","",IFERROR(INDEX(S_Trab,MATCH($C13,S_Status,0)),"Não")) -> Não | AO13: =IF(OR($A13="",$AK13=""),"",$U13-$AK13-IF($J13<>"Situação Atípica - Presente",N($K13)+N($L13),0)) | AP13: =IF(OR($A13="",TRIM($B13)=""),"",TRIM($B13)&"|"&$A13) | AQ13: =IF(AND(P_CoberturaAuto="Sim",$A13<>"",$A13>=P_InicioRegras,$Q13="Normal / Fixo",$R13<>"",ISERROR(SEARCH("ENCARREGADO",$R13)),$AM13="Sim",$W13>0),$A13&"|"&$P13,"") | AR13: =IF($AQ13="","",COUNTIFS(L_ChaveCob,$AQ13,L_Ausencia,">"&$W13)+COUNTIFS($AQ$4:$AQ13,$AQ13,$W$4:$W13,$W13)) | AS13: =IF($AQ13="",0,SUMIFS(L_Trab,L_Data,$A13,L_Equipe,$P13,L_Contrato,"Ferista",L_Status,"<>Remanejamento")) -> 0 | AT13: =IF(OR($AQ13="",$AS13=0),0,MAX(MIN($W13,$AS13-SUMIFS(L_Ausencia,L_ChaveCob,$AQ13,L_OrdemCob,"<"&$AR13)),0)) -> 0 | AU13: =IF($AP13="",0,SUMIFS(CP_Horas,CP_ChaveFalta,$AP13,CP_Aprov,"<>Sim")) -> 0
A14: 46069 | C14: Ausências Devido a Recesso | H14: SERRALHEIRO I | N14: =IF($A14="","",DATE(YEAR($A14),MONTH($A14),1)) -> 46054 | O14: =IF(TRIM($B14)="","",IFERROR(INDEX(C_RG,MATCH(TRIM($B14),C_Nome,0)),"?")) | P14: =IF($A14="","",IF(TRIM($B14)="",P_EquipePostoVago,IF($AJ14="","",INDEX(V_Equipe,$AJ14)))) -> Serralheria | Q14: =IF($A14="","",IF(TRIM($B14)="","Posto Vago",IF($AJ14="","",INDEX(V_Contrato,$AJ14)))) -> Posto Vago | R14: =IF($A14="","",IF(TRIM($B14)="",$H14,IF($AJ14="","",INDEX(V_Funcao,$AJ14)))) -> SERRALHEIRO I | S14: =IF($A14="","",IF($I14<>"",$I14,IF(TRIM($B14)="","ADM",IF($AJ14="","",INDEX(V_Turno,$AJ14))))) -> ADM | T14: =IF(OR($A14="",$R14=""),"",IFERROR(INDEX(F_Valor,MATCH($R14&"|"&SUMPRODUCT(MAX((F_Funcao=$R14)*(F_Ini<=$A14)*F_Ini)),F_Chave,0)),"")) -> 49.098892 | U14: =IF(OR($A14="",$S14=""),0,IFERROR(INDEX(T_Horas,MATCH($S14,T_Turno,0),WEEKDAY($A14,2)),0)) -> 0.375 | V14: =IF($A14="",0,MAX(IF($F14<>"",N($F14),IF($AN14="Sim",IF($AK14<>"",$AK14,$U14),$U14-$W14))-IF($J14="Situação Atípica - Presente",N($K14),0),0)) -> 0 | W14: =IF($A14="",0,IF($E14<>"",N($E14),IF($AL14="Dia inteiro",$U14,IF($AL14="Pelo ponto",IF($AK14="",$U14,MAX($U14-$AK14,0)),IF(AND($AL14="Leve atraso",$AO14<>""),IF(AND($AO14>P_LeveMin,$AO14<=P_LeveMax),$AO14,0),0))))) -> 0.375 | X14: =IF($A14="","",IF(OR($Q14="Ferista",$Q14=""),"Não",IF(AND($AL14="Leve atraso",$W14>0,$A14>=P_InicioRegras),"Sim",IF(OR($J14<>"",$K14<>"",$L14<>""),"Não",$AM14)))) -> Sim | Y14: =IF($A14="",0,IF($Q14="Ferista",0,IF($X14="Sim",$W14,0)+N($K14))) -> 0.375 | Z14: =IF($X14="Sim",$AT14,0) -> 0 | AA14: =IF($AP14="",0,MIN(MAX($Y14-$Z14,0),SUMIFS(CP_Horas,CP_ChaveFalta,$AP14,CP_Aprov,"Sim"))) -> 0 | AB14: =IF($A14="",0,MIN(MAX($Y14-$Z14-$AA14,0),N($M14))) -> 0 | AC14: =IF($A14="",0,MAX($Y14-$Z14-$AA14-$AB14,0)) -> 0.375 | AD14: =IF(OR($AC14=0,$T14=""),0,$AC14*24*$T14) -> 441.89003 | AE14: =IF(OR($A14="",$T14=""),0,(IF($AF14="Justificada",$W14,0)+N($L14))*24*$T14) -> 0 | AF14: =IF($A14="","",IF($J14<>"","Situação atípica",IF(AND($AL14="Leve atraso",$W14>0),"Leve atraso",IFERROR(INDEX(S_Cat,MATCH($C14,S_Status,0)),"Outros")))) -> Recesso | AG14: =IF($A14="","",TRIM(IF($Z14>0,"Ferista cobriu "&TEXT($Z14,"[h]:mm")&"h. ","")&IF($AA14>0,"Compensado "&TEXT($AA14,"[h]:mm")&"h por "&IFERROR(INDEX(CP_Quem,MATCH($AP14,CP_ChaveFalta,0)),"?")&". ","")&IF($AU14>0,"Compensação aguardando aprovação ("&TEXT($AU14,"[h]:mm")&"h). ","")&IF($AB14>0,"Perdoado por acordo "&TEXT($AB14,"[h]:mm")&"h. ","")&IF(AND($AP14<>"",COUNTIF(CP_ChaveQuem,$AP14)>0),"Horas usadas p/ compensar falta de "&INDEX(CP_Falta,MATCH($AP14,CP_ChaveQuem,0))&" de "&TEXT(INDEX(CP_DataFalta,MATCH($AP14,CP_ChaveQuem,0)),"dd/mm")&". ","")&IF(AND($Q14="Ferista",SUMIFS(L_Ferista,L_Data,$A14,L_Equipe,$P14)>0),"Como ferista, cobriu "&TEXT(SUMIFS(L_Ferista,L_Data,$A14,L_Equipe,$P14),"[h]:mm")&"h de faltas da equipe. ","")&IF($AC14>0,"DESCONTA "&TEXT($AC14,"[h]:mm")&"h ("&$AF14&").",""))) -> DESCONTA 9:00h (Recesso). | AH14: =IF($A14="","",IF($O14="?","CADASTRO: funcionário não está no Cadastro",IF(AND($O14<>"",$AJ14=""),"CADASTRO: sem vigência (função/turno) nesta data",IF(AND($AP14<>"",COUNTIF(L_ChavePD,$AP14)>1),"DUPLICADO: mesma pessoa 2x no dia",IF($A14<P_InicioRegras,"",IF(AND($C14="Horas Compensadas",COUNTIF(CP_ChaveQuem,$AP14)=0),"VINCULAR: registrar na aba Compensações de quem é a falta",IF($AU14>0,"APROVAR: compensação pendente na aba Compensações",IF(AND($AQ14<>"",$AS14>0,$AT14<$W14,$AC14>0),"FERISTA: horas do ferista não cobriram toda a falta",IF(AND($AL14="Pelo ponto",$AK14="",$E14="",$X14="Sim"),"PONTO: sem ponto nem horas manuais — descontando jornada cheia",IF(AND($AL14="Leve atraso",$E14="",N($AO14)>P_LeveMax),"CLASSIFICAR: ponto mostra atraso > 30 min — trocar o Status",IF($AF14="Leve atraso","AJUSTAR STATUS: atraso lançado como Horas Trabalhadas",IF(AND(N($K14)>0,$G14=""),"OBSERVAÇÃO: desconto extra sem observação",IF(AND($J14<>"",N($K14)+N($L14)>$U14),"CONFERIR: horas manuais maiores que a jornada",""))))))))))))) | AJ14: =IF(OR($A14="",$O14="",$O14="?"),"",IFERROR(MATCH($O14&"|"&SUMPRODUCT(MAX((V_RG=$O14)*(V_Ini<=$A14)*V_Ini)),V_Chave,0),"")) | AK14: =IF(ISNUMBER(SEARCH(" = ",$D14)),IFERROR(TIMEVALUE(TRIM(RIGHT($D14,5))),""),"") | AL14: =IF($C14="","",IFERROR(INDEX(S_Modo,MATCH($C14,S_Status,0)),"Não")) -> Dia inteiro | AM14: =IF($C14="","",IFERROR(INDEX(S_Conta,MATCH($C14,S_Status,0)),"Não")) -> Sim | AN14: =IF($C14="","",IFERROR(INDEX(S_Trab,MATCH($C14,S_Status,0)),"Não")) -> Não | AO14: =IF(OR($A14="",$AK14=""),"",$U14-$AK14-IF($J14<>"Situação Atípica - Presente",N($K14)+N($L14),0)) | AP14: =IF(OR($A14="",TRIM($B14)=""),"",TRIM($B14)&"|"&$A14) | AQ14: =IF(AND(P_CoberturaAuto="Sim",$A14<>"",$A14>=P_InicioRegras,$Q14="Normal / Fixo",$R14<>"",ISERROR(SEARCH("ENCARREGADO",$R14)),$AM14="Sim",$W14>0),$A14&"|"&$P14,"") | AR14: =IF($AQ14="","",COUNTIFS(L_ChaveCob,$AQ14,L_Ausencia,">"&$W14)+COUNTIFS($AQ$4:$AQ14,$AQ14,$W$4:$W14,$W14)) | AS14: =IF($AQ14="",0,SUMIFS(L_Trab,L_Data,$A14,L_Equipe,$P14,L_Contrato,"Ferista",L_Status,"<>Remanejamento")) -> 0 | AT14: =IF(OR($AQ14="",$AS14=0),0,MAX(MIN($W14,$AS14-SUMIFS(L_Ausencia,L_ChaveCob,$AQ14,L_OrdemCob,"<"&$AR14)),0)) -> 0 | AU14: =IF($AP14="",0,SUMIFS(CP_Horas,CP_ChaveFalta,$AP14,CP_Aprov,"<>Sim")) -> 0
A15: 46069 | C15: Ausências Devido a Recesso | H15: SERRALHEIRO I | N15: =IF($A15="","",DATE(YEAR($A15),MONTH($A15),1)) -> 46054 | O15: =IF(TRIM($B15)="","",IFERROR(INDEX(C_RG,MATCH(TRIM($B15),C_Nome,0)),"?")) | P15: =IF($A15="","",IF(TRIM($B15)="",P_EquipePostoVago,IF($AJ15="","",INDEX(V_Equipe,$AJ15)))) -> Serralheria | Q15: =IF($A15="","",IF(TRIM($B15)="","Posto Vago",IF($AJ15="","",INDEX(V_Contrato,$AJ15)))) -> Posto Vago | R15: =IF($A15="","",IF(TRIM($B15)="",$H15,IF($AJ15="","",INDEX(V_Funcao,$AJ15)))) -> SERRALHEIRO I | S15: =IF($A15="","",IF($I15<>"",$I15,IF(TRIM($B15)="","ADM",IF($AJ15="","",INDEX(V_Turno,$AJ15))))) -> ADM | T15: =IF(OR($A15="",$R15=""),"",IFERROR(INDEX(F_Valor,MATCH($R15&"|"&SUMPRODUCT(MAX((F_Funcao=$R15)*(F_Ini<=$A15)*F_Ini)),F_Chave,0)),"")) -> 49.098892 | U15: =IF(OR($A15="",$S15=""),0,IFERROR(INDEX(T_Horas,MATCH($S15,T_Turno,0),WEEKDAY($A15,2)),0)) -> 0.375 | V15: =IF($A15="",0,MAX(IF($F15<>"",N($F15),IF($AN15="Sim",IF($AK15<>"",$AK15,$U15),$U15-$W15))-IF($J15="Situação Atípica - Presente",N($K15),0),0)) -> 0 | W15: =IF($A15="",0,IF($E15<>"",N($E15),IF($AL15="Dia inteiro",$U15,IF($AL15="Pelo ponto",IF($AK15="",$U15,MAX($U15-$AK15,0)),IF(AND($AL15="Leve atraso",$AO15<>""),IF(AND($AO15>P_LeveMin,$AO15<=P_LeveMax),$AO15,0),0))))) -> 0.375 | X15: =IF($A15="","",IF(OR($Q15="Ferista",$Q15=""),"Não",IF(AND($AL15="Leve atraso",$W15>0,$A15>=P_InicioRegras),"Sim",IF(OR($J15<>"",$K15<>"",$L15<>""),"Não",$AM15)))) -> Sim | Y15: =IF($A15="",0,IF($Q15="Ferista",0,IF($X15="Sim",$W15,0)+N($K15))) -> 0.375 | Z15: =IF($X15="Sim",$AT15,0) -> 0 | AA15: =IF($AP15="",0,MIN(MAX($Y15-$Z15,0),SUMIFS(CP_Horas,CP_ChaveFalta,$AP15,CP_Aprov,"Sim"))) -> 0 | AB15: =IF($A15="",0,MIN(MAX($Y15-$Z15-$AA15,0),N($M15))) -> 0 | AC15: =IF($A15="",0,MAX($Y15-$Z15-$AA15-$AB15,0)) -> 0.375 | AD15: =IF(OR($AC15=0,$T15=""),0,$AC15*24*$T15) -> 441.89003 | AE15: =IF(OR($A15="",$T15=""),0,(IF($AF15="Justificada",$W15,0)+N($L15))*24*$T15) -> 0 | AF15: =IF($A15="","",IF($J15<>"","Situação atípica",IF(AND($AL15="Leve atraso",$W15>0),"Leve atraso",IFERROR(INDEX(S_Cat,MATCH($C15,S_Status,0)),"Outros")))) -> Recesso | AG15: =IF($A15="","",TRIM(IF($Z15>0,"Ferista cobriu "&TEXT($Z15,"[h]:mm")&"h. ","")&IF($AA15>0,"Compensado "&TEXT($AA15,"[h]:mm")&"h por "&IFERROR(INDEX(CP_Quem,MATCH($AP15,CP_ChaveFalta,0)),"?")&". ","")&IF($AU15>0,"Compensação aguardando aprovação ("&TEXT($AU15,"[h]:mm")&"h). ","")&IF($AB15>0,"Perdoado por acordo "&TEXT($AB15,"[h]:mm")&"h. ","")&IF(AND($AP15<>"",COUNTIF(CP_ChaveQuem,$AP15)>0),"Horas usadas p/ compensar falta de "&INDEX(CP_Falta,MATCH($AP15,CP_ChaveQuem,0))&" de "&TEXT(INDEX(CP_DataFalta,MATCH($AP15,CP_ChaveQuem,0)),"dd/mm")&". ","")&IF(AND($Q15="Ferista",SUMIFS(L_Ferista,L_Data,$A15,L_Equipe,$P15)>0),"Como ferista, cobriu "&TEXT(SUMIFS(L_Ferista,L_Data,$A15,L_Equipe,$P15),"[h]:mm")&"h de faltas da equipe. ","")&IF($AC15>0,"DESCONTA "&TEXT($AC15,"[h]:mm")&"h ("&$AF15&").",""))) -> DESCONTA 9:00h (Recesso). | AH15: =IF($A15="","",IF($O15="?","CADASTRO: funcionário não está no Cadastro",IF(AND($O15<>"",$AJ15=""),"CADASTRO: sem vigência (função/turno) nesta data",IF(AND($AP15<>"",COUNTIF(L_ChavePD,$AP15)>1),"DUPLICADO: mesma pessoa 2x no dia",IF($A15<P_InicioRegras,"",IF(AND($C15="Horas Compensadas",COUNTIF(CP_ChaveQuem,$AP15)=0),"VINCULAR: registrar na aba Compensações de quem é a falta",IF($AU15>0,"APROVAR: compensação pendente na aba Compensações",IF(AND($AQ15<>"",$AS15>0,$AT15<$W15,$AC15>0),"FERISTA: horas do ferista não cobriram toda a falta",IF(AND($AL15="Pelo ponto",$AK15="",$E15="",$X15="Sim"),"PONTO: sem ponto nem horas manuais — descontando jornada cheia",IF(AND($AL15="Leve atraso",$E15="",N($AO15)>P_LeveMax),"CLASSIFICAR: ponto mostra atraso > 30 min — trocar o Status",IF($AF15="Leve atraso","AJUSTAR STATUS: atraso lançado como Horas Trabalhadas",IF(AND(N($K15)>0,$G15=""),"OBSERVAÇÃO: desconto extra sem observação",IF(AND($J15<>"",N($K15)+N($L15)>$U15),"CONFERIR: horas manuais maiores que a jornada",""))))))))))))) | AJ15: =IF(OR($A15="",$O15="",$O15="?"),"",IFERROR(MATCH($O15&"|"&SUMPRODUCT(MAX((V_RG=$O15)*(V_Ini<=$A15)*V_Ini)),V_Chave,0),"")) | AK15: =IF(ISNUMBER(SEARCH(" = ",$D15)),IFERROR(TIMEVALUE(TRIM(RIGHT($D15,5))),""),"") | AL15: =IF($C15="","",IFERROR(INDEX(S_Modo,MATCH($C15,S_Status,0)),"Não")) -> Dia inteiro | AM15: =IF($C15="","",IFERROR(INDEX(S_Conta,MATCH($C15,S_Status,0)),"Não")) -> Sim | AN15: =IF($C15="","",IFERROR(INDEX(S_Trab,MATCH($C15,S_Status,0)),"Não")) -> Não | AO15: =IF(OR($A15="",$AK15=""),"",$U15-$AK15-IF($J15<>"Situação Atípica - Presente",N($K15)+N($L15),0)) | AP15: =IF(OR($A15="",TRIM($B15)=""),"",TRIM($B15)&"|"&$A15) | AQ15: =IF(AND(P_CoberturaAuto="Sim",$A15<>"",$A15>=P_InicioRegras,$Q15="Normal / Fixo",$R15<>"",ISERROR(SEARCH("ENCARREGADO",$R15)),$AM15="Sim",$W15>0),$A15&"|"&$P15,"") | AR15: =IF($AQ15="","",COUNTIFS(L_ChaveCob,$AQ15,L_Ausencia,">"&$W15)+COUNTIFS($AQ$4:$AQ15,$AQ15,$W$4:$W15,$W15)) | AS15: =IF($AQ15="",0,SUMIFS(L_Trab,L_Data,$A15,L_Equipe,$P15,L_Contrato,"Ferista",L_Status,"<>Remanejamento")) -> 0 | AT15: =IF(OR($AQ15="",$AS15=0),0,MAX(MIN($W15,$AS15-SUMIFS(L_Ausencia,L_ChaveCob,$AQ15,L_OrdemCob,"<"&$AR15)),0)) -> 0 | AU15: =IF($AP15="",0,SUMIFS(CP_Horas,CP_ChaveFalta,$AP15,CP_Aprov,"<>Sim")) -> 0
A16: 46069 | C16: Ausências Devido a Recesso | H16: SERRALHEIRO I | N16: =IF($A16="","",DATE(YEAR($A16),MONTH($A16),1)) -> 46054 | O16: =IF(TRIM($B16)="","",IFERROR(INDEX(C_RG,MATCH(TRIM($B16),C_Nome,0)),"?")) | P16: =IF($A16="","",IF(TRIM($B16)="",P_EquipePostoVago,IF($AJ16="","",INDEX(V_Equipe,$AJ16)))) -> Serralheria | Q16: =IF($A16="","",IF(TRIM($B16)="","Posto Vago",IF($AJ16="","",INDEX(V_Contrato,$AJ16)))) -> Posto Vago | R16: =IF($A16="","",IF(TRIM($B16)="",$H16,IF($AJ16="","",INDEX(V_Funcao,$AJ16)))) -> SERRALHEIRO I | S16: =IF($A16="","",IF($I16<>"",$I16,IF(TRIM($B16)="","ADM",IF($AJ16="","",INDEX(V_Turno,$AJ16))))) -> ADM | T16: =IF(OR($A16="",$R16=""),"",IFERROR(INDEX(F_Valor,MATCH($R16&"|"&SUMPRODUCT(MAX((F_Funcao=$R16)*(F_Ini<=$A16)*F_Ini)),F_Chave,0)),"")) -> 49.098892 | U16: =IF(OR($A16="",$S16=""),0,IFERROR(INDEX(T_Horas,MATCH($S16,T_Turno,0),WEEKDAY($A16,2)),0)) -> 0.375 | V16: =IF($A16="",0,MAX(IF($F16<>"",N($F16),IF($AN16="Sim",IF($AK16<>"",$AK16,$U16),$U16-$W16))-IF($J16="Situação Atípica - Presente",N($K16),0),0)) -> 0 | W16: =IF($A16="",0,IF($E16<>"",N($E16),IF($AL16="Dia inteiro",$U16,IF($AL16="Pelo ponto",IF($AK16="",$U16,MAX($U16-$AK16,0)),IF(AND($AL16="Leve atraso",$AO16<>""),IF(AND($AO16>P_LeveMin,$AO16<=P_LeveMax),$AO16,0),0))))) -> 0.375 | X16: =IF($A16="","",IF(OR($Q16="Ferista",$Q16=""),"Não",IF(AND($AL16="Leve atraso",$W16>0,$A16>=P_InicioRegras),"Sim",IF(OR($J16<>"",$K16<>"",$L16<>""),"Não",$AM16)))) -> Sim | Y16: =IF($A16="",0,IF($Q16="Ferista",0,IF($X16="Sim",$W16,0)+N($K16))) -> 0.375 | Z16: =IF($X16="Sim",$AT16,0) -> 0 | AA16: =IF($AP16="",0,MIN(MAX($Y16-$Z16,0),SUMIFS(CP_Horas,CP_ChaveFalta,$AP16,CP_Aprov,"Sim"))) -> 0 | AB16: =IF($A16="",0,MIN(MAX($Y16-$Z16-$AA16,0),N($M16))) -> 0 | AC16: =IF($A16="",0,MAX($Y16-$Z16-$AA16-$AB16,0)) -> 0.375 | AD16: =IF(OR($AC16=0,$T16=""),0,$AC16*24*$T16) -> 441.89003 | AE16: =IF(OR($A16="",$T16=""),0,(IF($AF16="Justificada",$W16,0)+N($L16))*24*$T16) -> 0 | AF16: =IF($A16="","",IF($J16<>"","Situação atípica",IF(AND($AL16="Leve atraso",$W16>0),"Leve atraso",IFERROR(INDEX(S_Cat,MATCH($C16,S_Status,0)),"Outros")))) -> Recesso | AG16: =IF($A16="","",TRIM(IF($Z16>0,"Ferista cobriu "&TEXT($Z16,"[h]:mm")&"h. ","")&IF($AA16>0,"Compensado "&TEXT($AA16,"[h]:mm")&"h por "&IFERROR(INDEX(CP_Quem,MATCH($AP16,CP_ChaveFalta,0)),"?")&". ","")&IF($AU16>0,"Compensação aguardando aprovação ("&TEXT($AU16,"[h]:mm")&"h). ","")&IF($AB16>0,"Perdoado por acordo "&TEXT($AB16,"[h]:mm")&"h. ","")&IF(AND($AP16<>"",COUNTIF(CP_ChaveQuem,$AP16)>0),"Horas usadas p/ compensar falta de "&INDEX(CP_Falta,MATCH($AP16,CP_ChaveQuem,0))&" de "&TEXT(INDEX(CP_DataFalta,MATCH($AP16,CP_ChaveQuem,0)),"dd/mm")&". ","")&IF(AND($Q16="Ferista",SUMIFS(L_Ferista,L_Data,$A16,L_Equipe,$P16)>0),"Como ferista, cobriu "&TEXT(SUMIFS(L_Ferista,L_Data,$A16,L_Equipe,$P16),"[h]:mm")&"h de faltas da equipe. ","")&IF($AC16>0,"DESCONTA "&TEXT($AC16,"[h]:mm")&"h ("&$AF16&").",""))) -> DESCONTA 9:00h (Recesso). | AH16: =IF($A16="","",IF($O16="?","CADASTRO: funcionário não está no Cadastro",IF(AND($O16<>"",$AJ16=""),"CADASTRO: sem vigência (função/turno) nesta data",IF(AND($AP16<>"",COUNTIF(L_ChavePD,$AP16)>1),"DUPLICADO: mesma pessoa 2x no dia",IF($A16<P_InicioRegras,"",IF(AND($C16="Horas Compensadas",COUNTIF(CP_ChaveQuem,$AP16)=0),"VINCULAR: registrar na aba Compensações de quem é a falta",IF($AU16>0,"APROVAR: compensação pendente na aba Compensações",IF(AND($AQ16<>"",$AS16>0,$AT16<$W16,$AC16>0),"FERISTA: horas do ferista não cobriram toda a falta",IF(AND($AL16="Pelo ponto",$AK16="",$E16="",$X16="Sim"),"PONTO: sem ponto nem horas manuais — descontando jornada cheia",IF(AND($AL16="Leve atraso",$E16="",N($AO16)>P_LeveMax),"CLASSIFICAR: ponto mostra atraso > 30 min — trocar o Status",IF($AF16="Leve atraso","AJUSTAR STATUS: atraso lançado como Horas Trabalhadas",IF(AND(N($K16)>0,$G16=""),"OBSERVAÇÃO: desconto extra sem observação",IF(AND($J16<>"",N($K16)+N($L16)>$U16),"CONFERIR: horas manuais maiores que a jornada",""))))))))))))) | AJ16: =IF(OR($A16="",$O16="",$O16="?"),"",IFERROR(MATCH($O16&"|"&SUMPRODUCT(MAX((V_RG=$O16)*(V_Ini<=$A16)*V_Ini)),V_Chave,0),"")) | AK16: =IF(ISNUMBER(SEARCH(" = ",$D16)),IFERROR(TIMEVALUE(TRIM(RIGHT($D16,5))),""),"") | AL16: =IF($C16="","",IFERROR(INDEX(S_Modo,MATCH($C16,S_Status,0)),"Não")) -> Dia inteiro | AM16: =IF($C16="","",IFERROR(INDEX(S_Conta,MATCH($C16,S_Status,0)),"Não")) -> Sim | AN16: =IF($C16="","",IFERROR(INDEX(S_Trab,MATCH($C16,S_Status,0)),"Não")) -> Não | AO16: =IF(OR($A16="",$AK16=""),"",$U16-$AK16-IF($J16<>"Situação Atípica - Presente",N($K16)+N($L16),0)) | AP16: =IF(OR($A16="",TRIM($B16)=""),"",TRIM($B16)&"|"&$A16) | AQ16: =IF(AND(P_CoberturaAuto="Sim",$A16<>"",$A16>=P_InicioRegras,$Q16="Normal / Fixo",$R16<>"",ISERROR(SEARCH("ENCARREGADO",$R16)),$AM16="Sim",$W16>0),$A16&"|"&$P16,"") | AR16: =IF($AQ16="","",COUNTIFS(L_ChaveCob,$AQ16,L_Ausencia,">"&$W16)+COUNTIFS($AQ$4:$AQ16,$AQ16,$W$4:$W16,$W16)) | AS16: =IF($AQ16="",0,SUMIFS(L_Trab,L_Data,$A16,L_Equipe,$P16,L_Contrato,"Ferista",L_Status,"<>Remanejamento")) -> 0 | AT16: =IF(OR($AQ16="",$AS16=0),0,MAX(MIN($W16,$AS16-SUMIFS(L_Ausencia,L_ChaveCob,$AQ16,L_OrdemCob,"<"&$AR16)),0)) -> 0 | AU16: =IF($AP16="",0,SUMIFS(CP_Horas,CP_ChaveFalta,$AP16,CP_Aprov,"<>Sim")) -> 0
A17: 46069 | C17: Ausências Devido a Recesso | H17: SERRALHEIRO II | N17: =IF($A17="","",DATE(YEAR($A17),MONTH($A17),1)) -> 46054 | O17: =IF(TRIM($B17)="","",IFERROR(INDEX(C_RG,MATCH(TRIM($B17),C_Nome,0)),"?")) | P17: =IF($A17="","",IF(TRIM($B17)="",P_EquipePostoVago,IF($AJ17="","",INDEX(V_Equipe,$AJ17)))) -> Serralheria | Q17: =IF($A17="","",IF(TRIM($B17)="","Posto Vago",IF($AJ17="","",INDEX(V_Contrato,$AJ17)))) -> Posto Vago | R17: =IF($A17="","",IF(TRIM($B17)="",$H17,IF($AJ17="","",INDEX(V_Funcao,$AJ17)))) -> SERRALHEIRO II | S17: =IF($A17="","",IF($I17<>"",$I17,IF(TRIM($B17)="","ADM",IF($AJ17="","",INDEX(V_Turno,$AJ17))))) -> ADM | T17: =IF(OR($A17="",$R17=""),"",IFERROR(INDEX(F_Valor,MATCH($R17&"|"&SUMPRODUCT(MAX((F_Funcao=$R17)*(F_Ini<=$A17)*F_Ini)),F_Chave,0)),"")) -> 53.080351 | U17: =IF(OR($A17="",$S17=""),0,IFERROR(INDEX(T_Horas,MATCH($S17,T_Turno,0),WEEKDAY($A17,2)),0)) -> 0.375 | V17: =IF($A17="",0,MAX(IF($F17<>"",N($F17),IF($AN17="Sim",IF($AK17<>"",$AK17,$U17),$U17-$W17))-IF($J17="Situação Atípica - Presente",N($K17),0),0)) -> 0 | W17: =IF($A17="",0,IF($E17<>"",N($E17),IF($AL17="Dia inteiro",$U17,IF($AL17="Pelo ponto",IF($AK17="",$U17,MAX($U17-$AK17,0)),IF(AND($AL17="Leve atraso",$AO17<>""),IF(AND($AO17>P_LeveMin,$AO17<=P_LeveMax),$AO17,0),0))))) -> 0.375 | X17: =IF($A17="","",IF(OR($Q17="Ferista",$Q17=""),"Não",IF(AND($AL17="Leve atraso",$W17>0,$A17>=P_InicioRegras),"Sim",IF(OR($J17<>"",$K17<>"",$L17<>""),"Não",$AM17)))) -> Sim | Y17: =IF($A17="",0,IF($Q17="Ferista",0,IF($X17="Sim",$W17,0)+N($K17))) -> 0.375 | Z17: =IF($X17="Sim",$AT17,0) -> 0 | AA17: =IF($AP17="",0,MIN(MAX($Y17-$Z17,0),SUMIFS(CP_Horas,CP_ChaveFalta,$AP17,CP_Aprov,"Sim"))) -> 0 | AB17: =IF($A17="",0,MIN(MAX($Y17-$Z17-$AA17,0),N($M17))) -> 0 | AC17: =IF($A17="",0,MAX($Y17-$Z17-$AA17-$AB17,0)) -> 0.375 | AD17: =IF(OR($AC17=0,$T17=""),0,$AC17*24*$T17) -> 477.72316 | AE17: =IF(OR($A17="",$T17=""),0,(IF($AF17="Justificada",$W17,0)+N($L17))*24*$T17) -> 0 | AF17: =IF($A17="","",IF($J17<>"","Situação atípica",IF(AND($AL17="Leve atraso",$W17>0),"Leve atraso",IFERROR(INDEX(S_Cat,MATCH($C17,S_Status,0)),"Outros")))) -> Recesso | AG17: =IF($A17="","",TRIM(IF($Z17>0,"Ferista cobriu "&TEXT($Z17,"[h]:mm")&"h. ","")&IF($AA17>0,"Compensado "&TEXT($AA17,"[h]:mm")&"h por "&IFERROR(INDEX(CP_Quem,MATCH($AP17,CP_ChaveFalta,0)),"?")&". ","")&IF($AU17>0,"Compensação aguardando aprovação ("&TEXT($AU17,"[h]:mm")&"h). ","")&IF($AB17>0,"Perdoado por acordo "&TEXT($AB17,"[h]:mm")&"h. ","")&IF(AND($AP17<>"",COUNTIF(CP_ChaveQuem,$AP17)>0),"Horas usadas p/ compensar falta de "&INDEX(CP_Falta,MATCH($AP17,CP_ChaveQuem,0))&" de "&TEXT(INDEX(CP_DataFalta,MATCH($AP17,CP_ChaveQuem,0)),"dd/mm")&". ","")&IF(AND($Q17="Ferista",SUMIFS(L_Ferista,L_Data,$A17,L_Equipe,$P17)>0),"Como ferista, cobriu "&TEXT(SUMIFS(L_Ferista,L_Data,$A17,L_Equipe,$P17),"[h]:mm")&"h de faltas da equipe. ","")&IF($AC17>0,"DESCONTA "&TEXT($AC17,"[h]:mm")&"h ("&$AF17&").",""))) -> DESCONTA 9:00h (Recesso). | AH17: =IF($A17="","",IF($O17="?","CADASTRO: funcionário não está no Cadastro",IF(AND($O17<>"",$AJ17=""),"CADASTRO: sem vigência (função/turno) nesta data",IF(AND($AP17<>"",COUNTIF(L_ChavePD,$AP17)>1),"DUPLICADO: mesma pessoa 2x no dia",IF($A17<P_InicioRegras,"",IF(AND($C17="Horas Compensadas",COUNTIF(CP_ChaveQuem,$AP17)=0),"VINCULAR: registrar na aba Compensações de quem é a falta",IF($AU17>0,"APROVAR: compensação pendente na aba Compensações",IF(AND($AQ17<>"",$AS17>0,$AT17<$W17,$AC17>0),"FERISTA: horas do ferista não cobriram toda a falta",IF(AND($AL17="Pelo ponto",$AK17="",$E17="",$X17="Sim"),"PONTO: sem ponto nem horas manuais — descontando jornada cheia",IF(AND($AL17="Leve atraso",$E17="",N($AO17)>P_LeveMax),"CLASSIFICAR: ponto mostra atraso > 30 min — trocar o Status",IF($AF17="Leve atraso","AJUSTAR STATUS: atraso lançado como Horas Trabalhadas",IF(AND(N($K17)>0,$G17=""),"OBSERVAÇÃO: desconto extra sem observação",IF(AND($J17<>"",N($K17)+N($L17)>$U17),"CONFERIR: horas manuais maiores que a jornada",""))))))))))))) | AJ17: =IF(OR($A17="",$O17="",$O17="?"),"",IFERROR(MATCH($O17&"|"&SUMPRODUCT(MAX((V_RG=$O17)*(V_Ini<=$A17)*V_Ini)),V_Chave,0),"")) | AK17: =IF(ISNUMBER(SEARCH(" = ",$D17)),IFERROR(TIMEVALUE(TRIM(RIGHT($D17,5))),""),"") | AL17: =IF($C17="","",IFERROR(INDEX(S_Modo,MATCH($C17,S_Status,0)),"Não")) -> Dia inteiro | AM17: =IF($C17="","",IFERROR(INDEX(S_Conta,MATCH($C17,S_Status,0)),"Não")) -> Sim | AN17: =IF($C17="","",IFERROR(INDEX(S_Trab,MATCH($C17,S_Status,0)),"Não")) -> Não | AO17: =IF(OR($A17="",$AK17=""),"",$U17-$AK17-IF($J17<>"Situação Atípica - Presente",N($K17)+N($L17),0)) | AP17: =IF(OR($A17="",TRIM($B17)=""),"",TRIM($B17)&"|"&$A17) | AQ17: =IF(AND(P_CoberturaAuto="Sim",$A17<>"",$A17>=P_InicioRegras,$Q17="Normal / Fixo",$R17<>"",ISERROR(SEARCH("ENCARREGADO",$R17)),$AM17="Sim",$W17>0),$A17&"|"&$P17,"") | AR17: =IF($AQ17="","",COUNTIFS(L_ChaveCob,$AQ17,L_Ausencia,">"&$W17)+COUNTIFS($AQ$4:$AQ17,$AQ17,$W$4:$W17,$W17)) | AS17: =IF($AQ17="",0,SUMIFS(L_Trab,L_Data,$A17,L_Equipe,$P17,L_Contrato,"Ferista",L_Status,"<>Remanejamento")) -> 0 | AT17: =IF(OR($AQ17="",$AS17=0),0,MAX(MIN($W17,$AS17-SUMIFS(L_Ausencia,L_ChaveCob,$AQ17,L_OrdemCob,"<"&$AR17)),0)) -> 0 | AU17: =IF($AP17="",0,SUMIFS(CP_Horas,CP_ChaveFalta,$AP17,CP_Aprov,"<>Sim")) -> 0
A18: 46069 | C18: Ausências Devido a Recesso | H18: SERRALHEIRO II | N18: =IF($A18="","",DATE(YEAR($A18),MONTH($A18),1)) -> 46054 | O18: =IF(TRIM($B18)="","",IFERROR(INDEX(C_RG,MATCH(TRIM($B18),C_Nome,0)),"?")) | P18: =IF($A18="","",IF(TRIM($B18)="",P_EquipePostoVago,IF($AJ18="","",INDEX(V_Equipe,$AJ18)))) -> Serralheria | Q18: =IF($A18="","",IF(TRIM($B18)="","Posto Vago",IF($AJ18="","",INDEX(V_Contrato,$AJ18)))) -> Posto Vago | R18: =IF($A18="","",IF(TRIM($B18)="",$H18,IF($AJ18="","",INDEX(V_Funcao,$AJ18)))) -> SERRALHEIRO II | S18: =IF($A18="","",IF($I18<>"",$I18,IF(TRIM($B18)="","ADM",IF($AJ18="","",INDEX(V_Turno,$AJ18))))) -> ADM | T18: =IF(OR($A18="",$R18=""),"",IFERROR(INDEX(F_Valor,MATCH($R18&"|"&SUMPRODUCT(MAX((F_Funcao=$R18)*(F_Ini<=$A18)*F_Ini)),F_Chave,0)),"")) -> 53.080351 | U18: =IF(OR($A18="",$S18=""),0,IFERROR(INDEX(T_Horas,MATCH($S18,T_Turno,0),WEEKDAY($A18,2)),0)) -> 0.375 | V18: =IF($A18="",0,MAX(IF($F18<>"",N($F18),IF($AN18="Sim",IF($AK18<>"",$AK18,$U18),$U18-$W18))-IF($J18="Situação Atípica - Presente",N($K18),0),0)) -> 0 | W18: =IF($A18="",0,IF($E18<>"",N($E18),IF($AL18="Dia inteiro",$U18,IF($AL18="Pelo ponto",IF($AK18="",$U18,MAX($U18-$AK18,0)),IF(AND($AL18="Leve atraso",$AO18<>""),IF(AND($AO18>P_LeveMin,$AO18<=P_LeveMax),$AO18,0),0))))) -> 0.375 | X18: =IF($A18="","",IF(OR($Q18="Ferista",$Q18=""),"Não",IF(AND($AL18="Leve atraso",$W18>0,$A18>=P_InicioRegras),"Sim",IF(OR($J18<>"",$K18<>"",$L18<>""),"Não",$AM18)))) -> Sim | Y18: =IF($A18="",0,IF($Q18="Ferista",0,IF($X18="Sim",$W18,0)+N($K18))) -> 0.375 | Z18: =IF($X18="Sim",$AT18,0) -> 0 | AA18: =IF($AP18="",0,MIN(MAX($Y18-$Z18,0),SUMIFS(CP_Horas,CP_ChaveFalta,$AP18,CP_Aprov,"Sim"))) -> 0 | AB18: =IF($A18="",0,MIN(MAX($Y18-$Z18-$AA18,0),N($M18))) -> 0 | AC18: =IF($A18="",0,MAX($Y18-$Z18-$AA18-$AB18,0)) -> 0.375 | AD18: =IF(OR($AC18=0,$T18=""),0,$AC18*24*$T18) -> 477.72316 | AE18: =IF(OR($A18="",$T18=""),0,(IF($AF18="Justificada",$W18,0)+N($L18))*24*$T18) -> 0 | AF18: =IF($A18="","",IF($J18<>"","Situação atípica",IF(AND($AL18="Leve atraso",$W18>0),"Leve atraso",IFERROR(INDEX(S_Cat,MATCH($C18,S_Status,0)),"Outros")))) -> Recesso | AG18: =IF($A18="","",TRIM(IF($Z18>0,"Ferista cobriu "&TEXT($Z18,"[h]:mm")&"h. ","")&IF($AA18>0,"Compensado "&TEXT($AA18,"[h]:mm")&"h por "&IFERROR(INDEX(CP_Quem,MATCH($AP18,CP_ChaveFalta,0)),"?")&". ","")&IF($AU18>0,"Compensação aguardando aprovação ("&TEXT($AU18,"[h]:mm")&"h). ","")&IF($AB18>0,"Perdoado por acordo "&TEXT($AB18,"[h]:mm")&"h. ","")&IF(AND($AP18<>"",COUNTIF(CP_ChaveQuem,$AP18)>0),"Horas usadas p/ compensar falta de "&INDEX(CP_Falta,MATCH($AP18,CP_ChaveQuem,0))&" de "&TEXT(INDEX(CP_DataFalta,MATCH($AP18,CP_ChaveQuem,0)),"dd/mm")&". ","")&IF(AND($Q18="Ferista",SUMIFS(L_Ferista,L_Data,$A18,L_Equipe,$P18)>0),"Como ferista, cobriu "&TEXT(SUMIFS(L_Ferista,L_Data,$A18,L_Equipe,$P18),"[h]:mm")&"h de faltas da equipe. ","")&IF($AC18>0,"DESCONTA "&TEXT($AC18,"[h]:mm")&"h ("&$AF18&").",""))) -> DESCONTA 9:00h (Recesso). | AH18: =IF($A18="","",IF($O18="?","CADASTRO: funcionário não está no Cadastro",IF(AND($O18<>"",$AJ18=""),"CADASTRO: sem vigência (função/turno) nesta data",IF(AND($AP18<>"",COUNTIF(L_ChavePD,$AP18)>1),"DUPLICADO: mesma pessoa 2x no dia",IF($A18<P_InicioRegras,"",IF(AND($C18="Horas Compensadas",COUNTIF(CP_ChaveQuem,$AP18)=0),"VINCULAR: registrar na aba Compensações de quem é a falta",IF($AU18>0,"APROVAR: compensação pendente na aba Compensações",IF(AND($AQ18<>"",$AS18>0,$AT18<$W18,$AC18>0),"FERISTA: horas do ferista não cobriram toda a falta",IF(AND($AL18="Pelo ponto",$AK18="",$E18="",$X18="Sim"),"PONTO: sem ponto nem horas manuais — descontando jornada cheia",IF(AND($AL18="Leve atraso",$E18="",N($AO18)>P_LeveMax),"CLASSIFICAR: ponto mostra atraso > 30 min — trocar o Status",IF($AF18="Leve atraso","AJUSTAR STATUS: atraso lançado como Horas Trabalhadas",IF(AND(N($K18)>0,$G18=""),"OBSERVAÇÃO: desconto extra sem observação",IF(AND($J18<>"",N($K18)+N($L18)>$U18),"CONFERIR: horas manuais maiores que a jornada",""))))))))))))) | AJ18: =IF(OR($A18="",$O18="",$O18="?"),"",IFERROR(MATCH($O18&"|"&SUMPRODUCT(MAX((V_RG=$O18)*(V_Ini<=$A18)*V_Ini)),V_Chave,0),"")) | AK18: =IF(ISNUMBER(SEARCH(" = ",$D18)),IFERROR(TIMEVALUE(TRIM(RIGHT($D18,5))),""),"") | AL18: =IF($C18="","",IFERROR(INDEX(S_Modo,MATCH($C18,S_Status,0)),"Não")) -> Dia inteiro | AM18: =IF($C18="","",IFERROR(INDEX(S_Conta,MATCH($C18,S_Status,0)),"Não")) -> Sim | AN18: =IF($C18="","",IFERROR(INDEX(S_Trab,MATCH($C18,S_Status,0)),"Não")) -> Não | AO18: =IF(OR($A18="",$AK18=""),"",$U18-$AK18-IF($J18<>"Situação Atípica - Presente",N($K18)+N($L18),0)) | AP18: =IF(OR($A18="",TRIM($B18)=""),"",TRIM($B18)&"|"&$A18) | AQ18: =IF(AND(P_CoberturaAuto="Sim",$A18<>"",$A18>=P_InicioRegras,$Q18="Normal / Fixo",$R18<>"",ISERROR(SEARCH("ENCARREGADO",$R18)),$AM18="Sim",$W18>0),$A18&"|"&$P18,"") | AR18: =IF($AQ18="","",COUNTIFS(L_ChaveCob,$AQ18,L_Ausencia,">"&$W18)+COUNTIFS($AQ$4:$AQ18,$AQ18,$W$4:$W18,$W18)) | AS18: =IF($AQ18="",0,SUMIFS(L_Trab,L_Data,$A18,L_Equipe,$P18,L_Contrato,"Ferista",L_Status,"<>Remanejamento")) -> 0 | AT18: =IF(OR($AQ18="",$AS18=0),0,MAX(MIN($W18,$AS18-SUMIFS(L_Ausencia,L_ChaveCob,$AQ18,L_OrdemCob,"<"&$AR18)),0)) -> 0 | AU18: =IF($AP18="",0,SUMIFS(CP_Horas,CP_ChaveFalta,$AP18,CP_Aprov,"<>Sim")) -> 0
A19: 46069 | C19: Ausências Devido a Recesso | H19: SERRALHEIRO II | N19: =IF($A19="","",DATE(YEAR($A19),MONTH($A19),1)) -> 46054 | O19: =IF(TRIM($B19)="","",IFERROR(INDEX(C_RG,MATCH(TRIM($B19),C_Nome,0)),"?")) | P19: =IF($A19="","",IF(TRIM($B19)="",P_EquipePostoVago,IF($AJ19="","",INDEX(V_Equipe,$AJ19)))) -> Serralheria | Q19: =IF($A19="","",IF(TRIM($B19)="","Posto Vago",IF($AJ19="","",INDEX(V_Contrato,$AJ19)))) -> Posto Vago | R19: =IF($A19="","",IF(TRIM($B19)="",$H19,IF($AJ19="","",INDEX(V_Funcao,$AJ19)))) -> SERRALHEIRO II | S19: =IF($A19="","",IF($I19<>"",$I19,IF(TRIM($B19)="","ADM",IF($AJ19="","",INDEX(V_Turno,$AJ19))))) -> ADM | T19: =IF(OR($A19="",$R19=""),"",IFERROR(INDEX(F_Valor,MATCH($R19&"|"&SUMPRODUCT(MAX((F_Funcao=$R19)*(F_Ini<=$A19)*F_Ini)),F_Chave,0)),"")) -> 53.080351 | U19: =IF(OR($A19="",$S19=""),0,IFERROR(INDEX(T_Horas,MATCH($S19,T_Turno,0),WEEKDAY($A19,2)),0)) -> 0.375 | V19: =IF($A19="",0,MAX(IF($F19<>"",N($F19),IF($AN19="Sim",IF($AK19<>"",$AK19,$U19),$U19-$W19))-IF($J19="Situação Atípica - Presente",N($K19),0),0)) -> 0 | W19: =IF($A19="",0,IF($E19<>"",N($E19),IF($AL19="Dia inteiro",$U19,IF($AL19="Pelo ponto",IF($AK19="",$U19,MAX($U19-$AK19,0)),IF(AND($AL19="Leve atraso",$AO19<>""),IF(AND($AO19>P_LeveMin,$AO19<=P_LeveMax),$AO19,0),0))))) -> 0.375 | X19: =IF($A19="","",IF(OR($Q19="Ferista",$Q19=""),"Não",IF(AND($AL19="Leve atraso",$W19>0,$A19>=P_InicioRegras),"Sim",IF(OR($J19<>"",$K19<>"",$L19<>""),"Não",$AM19)))) -> Sim | Y19: =IF($A19="",0,IF($Q19="Ferista",0,IF($X19="Sim",$W19,0)+N($K19))) -> 0.375 | Z19: =IF($X19="Sim",$AT19,0) -> 0 | AA19: =IF($AP19="",0,MIN(MAX($Y19-$Z19,0),SUMIFS(CP_Horas,CP_ChaveFalta,$AP19,CP_Aprov,"Sim"))) -> 0 | AB19: =IF($A19="",0,MIN(MAX($Y19-$Z19-$AA19,0),N($M19))) -> 0 | AC19: =IF($A19="",0,MAX($Y19-$Z19-$AA19-$AB19,0)) -> 0.375 | AD19: =IF(OR($AC19=0,$T19=""),0,$AC19*24*$T19) -> 477.72316 | AE19: =IF(OR($A19="",$T19=""),0,(IF($AF19="Justificada",$W19,0)+N($L19))*24*$T19) -> 0 | AF19: =IF($A19="","",IF($J19<>"","Situação atípica",IF(AND($AL19="Leve atraso",$W19>0),"Leve atraso",IFERROR(INDEX(S_Cat,MATCH($C19,S_Status,0)),"Outros")))) -> Recesso | AG19: =IF($A19="","",TRIM(IF($Z19>0,"Ferista cobriu "&TEXT($Z19,"[h]:mm")&"h. ","")&IF($AA19>0,"Compensado "&TEXT($AA19,"[h]:mm")&"h por "&IFERROR(INDEX(CP_Quem,MATCH($AP19,CP_ChaveFalta,0)),"?")&". ","")&IF($AU19>0,"Compensação aguardando aprovação ("&TEXT($AU19,"[h]:mm")&"h). ","")&IF($AB19>0,"Perdoado por acordo "&TEXT($AB19,"[h]:mm")&"h. ","")&IF(AND($AP19<>"",COUNTIF(CP_ChaveQuem,$AP19)>0),"Horas usadas p/ compensar falta de "&INDEX(CP_Falta,MATCH($AP19,CP_ChaveQuem,0))&" de "&TEXT(INDEX(CP_DataFalta,MATCH($AP19,CP_ChaveQuem,0)),"dd/mm")&". ","")&IF(AND($Q19="Ferista",SUMIFS(L_Ferista,L_Data,$A19,L_Equipe,$P19)>0),"Como ferista, cobriu "&TEXT(SUMIFS(L_Ferista,L_Data,$A19,L_Equipe,$P19),"[h]:mm")&"h de faltas da equipe. ","")&IF($AC19>0,"DESCONTA "&TEXT($AC19,"[h]:mm")&"h ("&$AF19&").",""))) -> DESCONTA 9:00h (Recesso). | AH19: =IF($A19="","",IF($O19="?","CADASTRO: funcionário não está no Cadastro",IF(AND($O19<>"",$AJ19=""),"CADASTRO: sem vigência (função/turno) nesta data",IF(AND($AP19<>"",COUNTIF(L_ChavePD,$AP19)>1),"DUPLICADO: mesma pessoa 2x no dia",IF($A19<P_InicioRegras,"",IF(AND($C19="Horas Compensadas",COUNTIF(CP_ChaveQuem,$AP19)=0),"VINCULAR: registrar na aba Compensações de quem é a falta",IF($AU19>0,"APROVAR: compensação pendente na aba Compensações",IF(AND($AQ19<>"",$AS19>0,$AT19<$W19,$AC19>0),"FERISTA: horas do ferista não cobriram toda a falta",IF(AND($AL19="Pelo ponto",$AK19="",$E19="",$X19="Sim"),"PONTO: sem ponto nem horas manuais — descontando jornada cheia",IF(AND($AL19="Leve atraso",$E19="",N($AO19)>P_LeveMax),"CLASSIFICAR: ponto mostra atraso > 30 min — trocar o Status",IF($AF19="Leve atraso","AJUSTAR STATUS: atraso lançado como Horas Trabalhadas",IF(AND(N($K19)>0,$G19=""),"OBSERVAÇÃO: desconto extra sem observação",IF(AND($J19<>"",N($K19)+N($L19)>$U19),"CONFERIR: horas manuais maiores que a jornada",""))))))))))))) | AJ19: =IF(OR($A19="",$O19="",$O19="?"),"",IFERROR(MATCH($O19&"|"&SUMPRODUCT(MAX((V_RG=$O19)*(V_Ini<=$A19)*V_Ini)),V_Chave,0),"")) | AK19: =IF(ISNUMBER(SEARCH(" = ",$D19)),IFERROR(TIMEVALUE(TRIM(RIGHT($D19,5))),""),"") | AL19: =IF($C19="","",IFERROR(INDEX(S_Modo,MATCH($C19,S_Status,0)),"Não")) -> Dia inteiro | AM19: =IF($C19="","",IFERROR(INDEX(S_Conta,MATCH($C19,S_Status,0)),"Não")) -> Sim | AN19: =IF($C19="","",IFERROR(INDEX(S_Trab,MATCH($C19,S_Status,0)),"Não")) -> Não | AO19: =IF(OR($A19="",$AK19=""),"",$U19-$AK19-IF($J19<>"Situação Atípica - Presente",N($K19)+N($L19),0)) | AP19: =IF(OR($A19="",TRIM($B19)=""),"",TRIM($B19)&"|"&$A19) | AQ19: =IF(AND(P_CoberturaAuto="Sim",$A19<>"",$A19>=P_InicioRegras,$Q19="Normal / Fixo",$R19<>"",ISERROR(SEARCH("ENCARREGADO",$R19)),$AM19="Sim",$W19>0),$A19&"|"&$P19,"") | AR19: =IF($AQ19="","",COUNTIFS(L_ChaveCob,$AQ19,L_Ausencia,">"&$W19)+COUNTIFS($AQ$4:$AQ19,$AQ19,$W$4:$W19,$W19)) | AS19: =IF($AQ19="",0,SUMIFS(L_Trab,L_Data,$A19,L_Equipe,$P19,L_Contrato,"Ferista",L_Status,"<>Remanejamento")) -> 0 | AT19: =IF(OR($AQ19="",$AS19=0),0,MAX(MIN($W19,$AS19-SUMIFS(L_Ausencia,L_ChaveCob,$AQ19,L_OrdemCob,"<"&$AR19)),0)) -> 0 | AU19: =IF($AP19="",0,SUMIFS(CP_Horas,CP_ChaveFalta,$AP19,CP_Aprov,"<>Sim")) -> 0
A20: 46069 | C20: Ausências Devido a Recesso | H20: SERRALHEIRO II | N20: =IF($A20="","",DATE(YEAR($A20),MONTH($A20),1)) -> 46054 | O20: =IF(TRIM($B20)="","",IFERROR(INDEX(C_RG,MATCH(TRIM($B20),C_Nome,0)),"?")) | P20: =IF($A20="","",IF(TRIM($B20)="",P_EquipePostoVago,IF($AJ20="","",INDEX(V_Equipe,$AJ20)))) -> Serralheria | Q20: =IF($A20="","",IF(TRIM($B20)="","Posto Vago",IF($AJ20="","",INDEX(V_Contrato,$AJ20)))) -> Posto Vago | R20: =IF($A20="","",IF(TRIM($B20)="",$H20,IF($AJ20="","",INDEX(V_Funcao,$AJ20)))) -> SERRALHEIRO II | S20: =IF($A20="","",IF($I20<>"",$I20,IF(TRIM($B20)="","ADM",IF($AJ20="","",INDEX(V_Turno,$AJ20))))) -> ADM | T20: =IF(OR($A20="",$R20=""),"",IFERROR(INDEX(F_Valor,MATCH($R20&"|"&SUMPRODUCT(MAX((F_Funcao=$R20)*(F_Ini<=$A20)*F_Ini)),F_Chave,0)),"")) -> 53.080351 | U20: =IF(OR($A20="",$S20=""),0,IFERROR(INDEX(T_Horas,MATCH($S20,T_Turno,0),WEEKDAY($A20,2)),0)) -> 0.375 | V20: =IF($A20="",0,MAX(IF($F20<>"",N($F20),IF($AN20="Sim",IF($AK20<>"",$AK20,$U20),$U20-$W20))-IF($J20="Situação Atípica - Presente",N($K20),0),0)) -> 0 | W20: =IF($A20="",0,IF($E20<>"",N($E20),IF($AL20="Dia inteiro",$U20,IF($AL20="Pelo ponto",IF($AK20="",$U20,MAX($U20-$AK20,0)),IF(AND($AL20="Leve atraso",$AO20<>""),IF(AND($AO20>P_LeveMin,$AO20<=P_LeveMax),$AO20,0),0))))) -> 0.375 | X20: =IF($A20="","",IF(OR($Q20="Ferista",$Q20=""),"Não",IF(AND($AL20="Leve atraso",$W20>0,$A20>=P_InicioRegras),"Sim",IF(OR($J20<>"",$K20<>"",$L20<>""),"Não",$AM20)))) -> Sim | Y20: =IF($A20="",0,IF($Q20="Ferista",0,IF($X20="Sim",$W20,0)+N($K20))) -> 0.375 | Z20: =IF($X20="Sim",$AT20,0) -> 0 | AA20: =IF($AP20="",0,MIN(MAX($Y20-$Z20,0),SUMIFS(CP_Horas,CP_ChaveFalta,$AP20,CP_Aprov,"Sim"))) -> 0 | AB20: =IF($A20="",0,MIN(MAX($Y20-$Z20-$AA20,0),N($M20))) -> 0 | AC20: =IF($A20="",0,MAX($Y20-$Z20-$AA20-$AB20,0)) -> 0.375 | AD20: =IF(OR($AC20=0,$T20=""),0,$AC20*24*$T20) -> 477.72316 | AE20: =IF(OR($A20="",$T20=""),0,(IF($AF20="Justificada",$W20,0)+N($L20))*24*$T20) -> 0 | AF20: =IF($A20="","",IF($J20<>"","Situação atípica",IF(AND($AL20="Leve atraso",$W20>0),"Leve atraso",IFERROR(INDEX(S_Cat,MATCH($C20,S_Status,0)),"Outros")))) -> Recesso | AG20: =IF($A20="","",TRIM(IF($Z20>0,"Ferista cobriu "&TEXT($Z20,"[h]:mm")&"h. ","")&IF($AA20>0,"Compensado "&TEXT($AA20,"[h]:mm")&"h por "&IFERROR(INDEX(CP_Quem,MATCH($AP20,CP_ChaveFalta,0)),"?")&". ","")&IF($AU20>0,"Compensação aguardando aprovação ("&TEXT($AU20,"[h]:mm")&"h). ","")&IF($AB20>0,"Perdoado por acordo "&TEXT($AB20,"[h]:mm")&"h. ","")&IF(AND($AP20<>"",COUNTIF(CP_ChaveQuem,$AP20)>0),"Horas usadas p/ compensar falta de "&INDEX(CP_Falta,MATCH($AP20,CP_ChaveQuem,0))&" de "&TEXT(INDEX(CP_DataFalta,MATCH($AP20,CP_ChaveQuem,0)),"dd/mm")&". ","")&IF(AND($Q20="Ferista",SUMIFS(L_Ferista,L_Data,$A20,L_Equipe,$P20)>0),"Como ferista, cobriu "&TEXT(SUMIFS(L_Ferista,L_Data,$A20,L_Equipe,$P20),"[h]:mm")&"h de faltas da equipe. ","")&IF($AC20>0,"DESCONTA "&TEXT($AC20,"[h]:mm")&"h ("&$AF20&").",""))) -> DESCONTA 9:00h (Recesso). | AH20: =IF($A20="","",IF($O20="?","CADASTRO: funcionário não está no Cadastro",IF(AND($O20<>"",$AJ20=""),"CADASTRO: sem vigência (função/turno) nesta data",IF(AND($AP20<>"",COUNTIF(L_ChavePD,$AP20)>1),"DUPLICADO: mesma pessoa 2x no dia",IF($A20<P_InicioRegras,"",IF(AND($C20="Horas Compensadas",COUNTIF(CP_ChaveQuem,$AP20)=0),"VINCULAR: registrar na aba Compensações de quem é a falta",IF($AU20>0,"APROVAR: compensação pendente na aba Compensações",IF(AND($AQ20<>"",$AS20>0,$AT20<$W20,$AC20>0),"FERISTA: horas do ferista não cobriram toda a falta",IF(AND($AL20="Pelo ponto",$AK20="",$E20="",$X20="Sim"),"PONTO: sem ponto nem horas manuais — descontando jornada cheia",IF(AND($AL20="Leve atraso",$E20="",N($AO20)>P_LeveMax),"CLASSIFICAR: ponto mostra atraso > 30 min — trocar o Status",IF($AF20="Leve atraso","AJUSTAR STATUS: atraso lançado como Horas Trabalhadas",IF(AND(N($K20)>0,$G20=""),"OBSERVAÇÃO: desconto extra sem observação",IF(AND($J20<>"",N($K20)+N($L20)>$U20),"CONFERIR: horas manuais maiores que a jornada",""))))))))))))) | AJ20: =IF(OR($A20="",$O20="",$O20="?"),"",IFERROR(MATCH($O20&"|"&SUMPRODUCT(MAX((V_RG=$O20)*(V_Ini<=$A20)*V_Ini)),V_Chave,0),"")) | AK20: =IF(ISNUMBER(SEARCH(" = ",$D20)),IFERROR(TIMEVALUE(TRIM(RIGHT($D20,5))),""),"") | AL20: =IF($C20="","",IFERROR(INDEX(S_Modo,MATCH($C20,S_Status,0)),"Não")) -> Dia inteiro | AM20: =IF($C20="","",IFERROR(INDEX(S_Conta,MATCH($C20,S_Status,0)),"Não")) -> Sim | AN20: =IF($C20="","",IFERROR(INDEX(S_Trab,MATCH($C20,S_Status,0)),"Não")) -> Não | AO20: =IF(OR($A20="",$AK20=""),"",$U20-$AK20-IF($J20<>"Situação Atípica - Presente",N($K20)+N($L20),0)) | AP20: =IF(OR($A20="",TRIM($B20)=""),"",TRIM($B20)&"|"&$A20) | AQ20: =IF(AND(P_CoberturaAuto="Sim",$A20<>"",$A20>=P_InicioRegras,$Q20="Normal / Fixo",$R20<>"",ISERROR(SEARCH("ENCARREGADO",$R20)),$AM20="Sim",$W20>0),$A20&"|"&$P20,"") | AR20: =IF($AQ20="","",COUNTIFS(L_ChaveCob,$AQ20,L_Ausencia,">"&$W20)+COUNTIFS($AQ$4:$AQ20,$AQ20,$W$4:$W20,$W20)) | AS20: =IF($AQ20="",0,SUMIFS(L_Trab,L_Data,$A20,L_Equipe,$P20,L_Contrato,"Ferista",L_Status,"<>Remanejamento")) -> 0 | AT20: =IF(OR($AQ20="",$AS20=0),0,MAX(MIN($W20,$AS20-SUMIFS(L_Ausencia,L_ChaveCob,$AQ20,L_OrdemCob,"<"&$AR20)),0)) -> 0 | AU20: =IF($AP20="",0,SUMIFS(CP_Horas,CP_ChaveFalta,$AP20,CP_Aprov,"<>Sim")) -> 0
A21: 46069 | C21: Ausências Devido a Recesso | H21: SERRALHEIRO II | N21: =IF($A21="","",DATE(YEAR($A21),MONTH($A21),1)) -> 46054 | O21: =IF(TRIM($B21)="","",IFERROR(INDEX(C_RG,MATCH(TRIM($B21),C_Nome,0)),"?")) | P21: =IF($A21="","",IF(TRIM($B21)="",P_EquipePostoVago,IF($AJ21="","",INDEX(V_Equipe,$AJ21)))) -> Serralheria | Q21: =IF($A21="","",IF(TRIM($B21)="","Posto Vago",IF($AJ21="","",INDEX(V_Contrato,$AJ21)))) -> Posto Vago | R21: =IF($A21="","",IF(TRIM($B21)="",$H21,IF($AJ21="","",INDEX(V_Funcao,$AJ21)))) -> SERRALHEIRO II | S21: =IF($A21="","",IF($I21<>"",$I21,IF(TRIM($B21)="","ADM",IF($AJ21="","",INDEX(V_Turno,$AJ21))))) -> ADM | T21: =IF(OR($A21="",$R21=""),"",IFERROR(INDEX(F_Valor,MATCH($R21&"|"&SUMPRODUCT(MAX((F_Funcao=$R21)*(F_Ini<=$A21)*F_Ini)),F_Chave,0)),"")) -> 53.080351 | U21: =IF(OR($A21="",$S21=""),0,IFERROR(INDEX(T_Horas,MATCH($S21,T_Turno,0),WEEKDAY($A21,2)),0)) -> 0.375 | V21: =IF($A21="",0,MAX(IF($F21<>"",N($F21),IF($AN21="Sim",IF($AK21<>"",$AK21,$U21),$U21-$W21))-IF($J21="Situação Atípica - Presente",N($K21),0),0)) -> 0 | W21: =IF($A21="",0,IF($E21<>"",N($E21),IF($AL21="Dia inteiro",$U21,IF($AL21="Pelo ponto",IF($AK21="",$U21,MAX($U21-$AK21,0)),IF(AND($AL21="Leve atraso",$AO21<>""),IF(AND($AO21>P_LeveMin,$AO21<=P_LeveMax),$AO21,0),0))))) -> 0.375 | X21: =IF($A21="","",IF(OR($Q21="Ferista",$Q21=""),"Não",IF(AND($AL21="Leve atraso",$W21>0,$A21>=P_InicioRegras),"Sim",IF(OR($J21<>"",$K21<>"",$L21<>""),"Não",$AM21)))) -> Sim | Y21: =IF($A21="",0,IF($Q21="Ferista",0,IF($X21="Sim",$W21,0)+N($K21))) -> 0.375 | Z21: =IF($X21="Sim",$AT21,0) -> 0 | AA21: =IF($AP21="",0,MIN(MAX($Y21-$Z21,0),SUMIFS(CP_Horas,CP_ChaveFalta,$AP21,CP_Aprov,"Sim"))) -> 0 | AB21: =IF($A21="",0,MIN(MAX($Y21-$Z21-$AA21,0),N($M21))) -> 0 | AC21: =IF($A21="",0,MAX($Y21-$Z21-$AA21-$AB21,0)) -> 0.375 | AD21: =IF(OR($AC21=0,$T21=""),0,$AC21*24*$T21) -> 477.72316 | AE21: =IF(OR($A21="",$T21=""),0,(IF($AF21="Justificada",$W21,0)+N($L21))*24*$T21) -> 0 | AF21: =IF($A21="","",IF($J21<>"","Situação atípica",IF(AND($AL21="Leve atraso",$W21>0),"Leve atraso",IFERROR(INDEX(S_Cat,MATCH($C21,S_Status,0)),"Outros")))) -> Recesso | AG21: =IF($A21="","",TRIM(IF($Z21>0,"Ferista cobriu "&TEXT($Z21,"[h]:mm")&"h. ","")&IF($AA21>0,"Compensado "&TEXT($AA21,"[h]:mm")&"h por "&IFERROR(INDEX(CP_Quem,MATCH($AP21,CP_ChaveFalta,0)),"?")&". ","")&IF($AU21>0,"Compensação aguardando aprovação ("&TEXT($AU21,"[h]:mm")&"h). ","")&IF($AB21>0,"Perdoado por acordo "&TEXT($AB21,"[h]:mm")&"h. ","")&IF(AND($AP21<>"",COUNTIF(CP_ChaveQuem,$AP21)>0),"Horas usadas p/ compensar falta de "&INDEX(CP_Falta,MATCH($AP21,CP_ChaveQuem,0))&" de "&TEXT(INDEX(CP_DataFalta,MATCH($AP21,CP_ChaveQuem,0)),"dd/mm")&". ","")&IF(AND($Q21="Ferista",SUMIFS(L_Ferista,L_Data,$A21,L_Equipe,$P21)>0),"Como ferista, cobriu "&TEXT(SUMIFS(L_Ferista,L_Data,$A21,L_Equipe,$P21),"[h]:mm")&"h de faltas da equipe. ","")&IF($AC21>0,"DESCONTA "&TEXT($AC21,"[h]:mm")&"h ("&$AF21&").",""))) -> DESCONTA 9:00h (Recesso). | AH21: =IF($A21="","",IF($O21="?","CADASTRO: funcionário não está no Cadastro",IF(AND($O21<>"",$AJ21=""),"CADASTRO: sem vigência (função/turno) nesta data",IF(AND($AP21<>"",COUNTIF(L_ChavePD,$AP21)>1),"DUPLICADO: mesma pessoa 2x no dia",IF($A21<P_InicioRegras,"",IF(AND($C21="Horas Compensadas",COUNTIF(CP_ChaveQuem,$AP21)=0),"VINCULAR: registrar na aba Compensações de quem é a falta",IF($AU21>0,"APROVAR: compensação pendente na aba Compensações",IF(AND($AQ21<>"",$AS21>0,$AT21<$W21,$AC21>0),"FERISTA: horas do ferista não cobriram toda a falta",IF(AND($AL21="Pelo ponto",$AK21="",$E21="",$X21="Sim"),"PONTO: sem ponto nem horas manuais — descontando jornada cheia",IF(AND($AL21="Leve atraso",$E21="",N($AO21)>P_LeveMax),"CLASSIFICAR: ponto mostra atraso > 30 min — trocar o Status",IF($AF21="Leve atraso","AJUSTAR STATUS: atraso lançado como Horas Trabalhadas",IF(AND(N($K21)>0,$G21=""),"OBSERVAÇÃO: desconto extra sem observação",IF(AND($J21<>"",N($K21)+N($L21)>$U21),"CONFERIR: horas manuais maiores que a jornada",""))))))))))))) | AJ21: =IF(OR($A21="",$O21="",$O21="?"),"",IFERROR(MATCH($O21&"|"&SUMPRODUCT(MAX((V_RG=$O21)*(V_Ini<=$A21)*V_Ini)),V_Chave,0),"")) | AK21: =IF(ISNUMBER(SEARCH(" = ",$D21)),IFERROR(TIMEVALUE(TRIM(RIGHT($D21,5))),""),"") | AL21: =IF($C21="","",IFERROR(INDEX(S_Modo,MATCH($C21,S_Status,0)),"Não")) -> Dia inteiro | AM21: =IF($C21="","",IFERROR(INDEX(S_Conta,MATCH($C21,S_Status,0)),"Não")) -> Sim | AN21: =IF($C21="","",IFERROR(INDEX(S_Trab,MATCH($C21,S_Status,0)),"Não")) -> Não | AO21: =IF(OR($A21="",$AK21=""),"",$U21-$AK21-IF($J21<>"Situação Atípica - Presente",N($K21)+N($L21),0)) | AP21: =IF(OR($A21="",TRIM($B21)=""),"",TRIM($B21)&"|"&$A21) | AQ21: =IF(AND(P_CoberturaAuto="Sim",$A21<>"",$A21>=P_InicioRegras,$Q21="Normal / Fixo",$R21<>"",ISERROR(SEARCH("ENCARREGADO",$R21)),$AM21="Sim",$W21>0),$A21&"|"&$P21,"") | AR21: =IF($AQ21="","",COUNTIFS(L_ChaveCob,$AQ21,L_Ausencia,">"&$W21)+COUNTIFS($AQ$4:$AQ21,$AQ21,$W$4:$W21,$W21)) | AS21: =IF($AQ21="",0,SUMIFS(L_Trab,L_Data,$A21,L_Equipe,$P21,L_Contrato,"Ferista",L_Status,"<>Remanejamento")) -> 0 | AT21: =IF(OR($AQ21="",$AS21=0),0,MAX(MIN($W21,$AS21-SUMIFS(L_Ausencia,L_ChaveCob,$AQ21,L_OrdemCob,"<"&$AR21)),0)) -> 0 | AU21: =IF($AP21="",0,SUMIFS(CP_Horas,CP_ChaveFalta,$AP21,CP_Aprov,"<>Sim")) -> 0
... A35: 46070 | C35: Ausências S/ Justificativa | H35: SERRALHEIRO II | N35: =IF($A35="","",DATE(YEAR($A35),MONTH($A35),1)) -> 46054 | O35: =IF(TRIM($B35)="","",IFERROR(INDEX(C_RG,MATCH(TRIM($B35),C_Nome,0)),"?")) | P35: =IF($A35="","",IF(TRIM($B35)="",P_EquipePostoVago,IF($AJ35="","",INDEX(V_Equipe,$AJ35)))) -> Serralheria | Q35: =IF($A35="","",IF(TRIM($B35)="","Posto Vago",IF($AJ35="","",INDEX(V_Contrato,$AJ35)))) -> Posto Vago | R35: =IF($A35="","",IF(TRIM($B35)="",$H35,IF($AJ35="","",INDEX(V_Funcao,$AJ35)))) -> SERRALHEIRO II | S35: =IF($A35="","",IF($I35<>"",$I35,IF(TRIM($B35)="","ADM",IF($AJ35="","",INDEX(V_Turno,$AJ35))))) -> ADM | T35: =IF(OR($A35="",$R35=""),"",IFERROR(INDEX(F_Valor,MATCH($R35&"|"&SUMPRODUCT(MAX((F_Funcao=$R35)*(F_Ini<=$A35)*F_Ini)),F_Chave,0)),"")) -> 53.080351 | U35: =IF(OR($A35="",$S35=""),0,IFERROR(INDEX(T_Horas,MATCH($S35,T_Turno,0),WEEKDAY($A35,2)),0)) -> 0.375 | V35: =IF($A35="",0,MAX(IF($F35<>"",N($F35),IF($AN35="Sim",IF($AK35<>"",$AK35,$U35),$U35-$W35))-IF($J35="Situação Atípica - Presente",N($K35),0),0)) -> 0 | W35: =IF($A35="",0,IF($E35<>"",N($E35),IF($AL35="Dia inteiro",$U35,IF($AL35="Pelo ponto",IF($AK35="",$U35,MAX($U35-$AK35,0)),IF(AND($AL35="Leve atraso",$AO35<>""),IF(AND($AO35>P_LeveMin,$AO35<=P_LeveMax),$AO35,0),0))))) -> 0.375 | X35: =IF($A35="","",IF(OR($Q35="Ferista",$Q35=""),"Não",IF(AND($AL35="Leve atraso",$W35>0,$A35>=P_InicioRegras),"Sim",IF(OR($J35<>"",$K35<>"",$L35<>""),"Não",$AM35)))) -> Sim | Y35: =IF($A35="",0,IF($Q35="Ferista",0,IF($X35="Sim",$W35,0)+N($K35))) -> 0.375 | Z35: =IF($X35="Sim",$AT35,0) -> 0 | AA35: =IF($AP35="",0,MIN(MAX($Y35-$Z35,0),SUMIFS(CP_Horas,CP_ChaveFalta,$AP35,CP_Aprov,"Sim"))) -> 0 | AB35: =IF($A35="",0,MIN(MAX($Y35-$Z35-$AA35,0),N($M35))) -> 0 | AC35: =IF($A35="",0,MAX($Y35-$Z35-$AA35-$AB35,0)) -> 0.375 | AD35: =IF(OR($AC35=0,$T35=""),0,$AC35*24*$T35) -> 477.72316 | AE35: =IF(OR($A35="",$T35=""),0,(IF($AF35="Justificada",$W35,0)+N($L35))*24*$T35) -> 0 | AF35: =IF($A35="","",IF($J35<>"","Situação atípica",IF(AND($AL35="Leve atraso",$W35>0),"Leve atraso",IFERROR(INDEX(S_Cat,MATCH($C35,S_Status,0)),"Outros")))) -> Injustificada | AG35: =IF($A35="","",TRIM(IF($Z35>0,"Ferista cobriu "&TEXT($Z35,"[h]:mm")&"h. ","")&IF($AA35>0,"Compensado "&TEXT($AA35,"[h]:mm")&"h por "&IFERROR(INDEX(CP_Quem,MATCH($AP35,CP_ChaveFalta,0)),"?")&". ","")&IF($AU35>0,"Compensação aguardando aprovação ("&TEXT($AU35,"[h]:mm")&"h). ","")&IF($AB35>0,"Perdoado por acordo "&TEXT($AB35,"[h]:mm")&"h. ","")&IF(AND($AP35<>"",COUNTIF(CP_ChaveQuem,$AP35)>0),"Horas usadas p/ compensar falta de "&INDEX(CP_Falta,MATCH($AP35,CP_ChaveQuem,0))&" de "&TEXT(INDEX(CP_DataFalta,MATCH($AP35,CP_ChaveQuem,0)),"dd/mm")&". ","")&IF(AND($Q35="Ferista",SUMIFS(L_Ferista,L_Data,$A35,L_Equipe,$P35)>0),"Como ferista, cobriu "&TEXT(SUMIFS(L_Ferista,L_Data,$A35,L_Equipe,$P35),"[h]:mm")&"h de faltas da equipe. ","")&IF($AC35>0,"DESCONTA "&TEXT($AC35,"[h]:mm")&"h ("&$AF35&").",""))) -> DESCONTA 9:00h (Injustificada). | AH35: =IF($A35="","",IF($O35="?","CADASTRO: funcionário não está no Cadastro",IF(AND($O35<>"",$AJ35=""),"CADASTRO: sem vigência (função/turno) nesta data",IF(AND($AP35<>"",COUNTIF(L_ChavePD,$AP35)>1),"DUPLICADO: mesma pessoa 2x no dia",IF($A35<P_InicioRegras,"",IF(AND($C35="Horas Compensadas",COUNTIF(CP_ChaveQuem,$AP35)=0),"VINCULAR: registrar na aba Compensações de quem é a falta",IF($AU35>0,"APROVAR: compensação pendente na aba Compensações",IF(AND($AQ35<>"",$AS35>0,$AT35<$W35,$AC35>0),"FERISTA: horas do ferista não cobriram toda a falta",IF(AND($AL35="Pelo ponto",$AK35="",$E35="",$X35="Sim"),"PONTO: sem ponto nem horas manuais — descontando jornada cheia",IF(AND($AL35="Leve atraso",$E35="",N($AO35)>P_LeveMax),"CLASSIFICAR: ponto mostra atraso > 30 min — trocar o Status",IF($AF35="Leve atraso","AJUSTAR STATUS: atraso lançado como Horas Trabalhadas",IF(AND(N($K35)>0,$G35=""),"OBSERVAÇÃO: desconto extra sem observação",IF(AND($J35<>"",N($K35)+N($L35)>$U35),"CONFERIR: horas manuais maiores que a jornada",""))))))))))))) | AJ35: =IF(OR($A35="",$O35="",$O35="?"),"",IFERROR(MATCH($O35&"|"&SUMPRODUCT(MAX((V_RG=$O35)*(V_Ini<=$A35)*V_Ini)),V_Chave,0),"")) | AK35: =IF(ISNUMBER(SEARCH(" = ",$D35)),IFERROR(TIMEVALUE(TRIM(RIGHT($D35,5))),""),"") | AL35: =IF($C35="","",IFERROR(INDEX(S_Modo,MATCH($C35,S_Status,0)),"Não")) -> Dia inteiro | AM35: =IF($C35="","",IFERROR(INDEX(S_Conta,MATCH($C35,S_Status,0)),"Não")) -> Sim | AN35: =IF($C35="","",IFERROR(INDEX(S_Trab,MATCH($C35,S_Status,0)),"Não")) -> Não | AO35: =IF(OR($A35="",$AK35=""),"",$U35-$AK35-IF($J35<>"Situação Atípica - Presente",N($K35)+N($L35),0)) | AP35: =IF(OR($A35="",TRIM($B35)=""),"",TRIM($B35)&"|"&$A35) | AQ35: =IF(AND(P_CoberturaAuto="Sim",$A35<>"",$A35>=P_InicioRegras,$Q35="Normal / Fixo",$R35<>"",ISERROR(SEARCH("ENCARREGADO",$R35)),$AM35="Sim",$W35>0),$A35&"|"&$P35,"") | AR35: =IF($AQ35="","",COUNTIFS(L_ChaveCob,$AQ35,L_Ausencia,">"&$W35)+COUNTIFS($AQ$4:$AQ35,$AQ35,$W$4:$W35,$W35)) | AS35: =IF($AQ35="",0,SUMIFS(L_Trab,L_Data,$A35,L_Equipe,$P35,L_Contrato,"Ferista",L_Status,"<>Remanejamento")) -> 0 | AT35: =IF(OR($AQ35="",$AS35=0),0,MAX(MIN($W35,$AS35-SUMIFS(L_Ausencia,L_ChaveCob,$AQ35,L_OrdemCob,"<"&$AR35)),0)) -> 0 | AU35: =IF($AP35="",0,SUMIFS(CP_Horas,CP_ChaveFalta,$AP35,CP_Aprov,"<>Sim")) -> 0
A36: 46073 | C36: Entrada Atrasada ou Saída Antecipada S/ Justificativa | D36: PONTO 05:00 = 05:00 | H36: ENCARREGADO | N36: =IF($A36="","",DATE(YEAR($A36),MONTH($A36),1)) -> 46054 | O36: =IF(TRIM($B36)="","",IFERROR(INDEX(C_RG,MATCH(TRIM($B36),C_Nome,0)),"?")) | P36: =IF($A36="","",IF(TRIM($B36)="",P_EquipePostoVago,IF($AJ36="","",INDEX(V_Equipe,$AJ36)))) -> Serralheria | Q36: =IF($A36="","",IF(TRIM($B36)="","Posto Vago",IF($AJ36="","",INDEX(V_Contrato,$AJ36)))) -> Posto Vago | R36: =IF($A36="","",IF(TRIM($B36)="",$H36,IF($AJ36="","",INDEX(V_Funcao,$AJ36)))) -> ENCARREGADO | S36: =IF($A36="","",IF($I36<>"",$I36,IF(TRIM($B36)="","ADM",IF($AJ36="","",INDEX(V_Turno,$AJ36))))) -> ADM | T36: =IF(OR($A36="",$R36=""),"",IFERROR(INDEX(F_Valor,MATCH($R36&"|"&SUMPRODUCT(MAX((F_Funcao=$R36)*(F_Ini<=$A36)*F_Ini)),F_Chave,0)),"")) -> 60.96 | U36: =IF(OR($A36="",$S36=""),0,IFERROR(INDEX(T_Horas,MATCH($S36,T_Turno,0),WEEKDAY($A36,2)),0)) -> 0.33333333 | V36: =IF($A36="",0,MAX(IF($F36<>"",N($F36),IF($AN36="Sim",IF($AK36<>"",$AK36,$U36),$U36-$W36))-IF($J36="Situação Atípica - Presente",N($K36),0),0)) -> 0.20833333 | W36: =IF($A36="",0,IF($E36<>"",N($E36),IF($AL36="Dia inteiro",$U36,IF($AL36="Pelo ponto",IF($AK36="",$U36,MAX($U36-$AK36,0)),IF(AND($AL36="Leve atraso",$AO36<>""),IF(AND($AO36>P_LeveMin,$AO36<=P_LeveMax),$AO36,0),0))))) -> 0.125 | X36: =IF($A36="","",IF(OR($Q36="Ferista",$Q36=""),"Não",IF(AND($AL36="Leve atraso",$W36>0,$A36>=P_InicioRegras),"Sim",IF(OR($J36<>"",$K36<>"",$L36<>""),"Não",$AM36)))) -> Sim | Y36: =IF($A36="",0,IF($Q36="Ferista",0,IF($X36="Sim",$W36,0)+N($K36))) -> 0.125 | Z36: =IF($X36="Sim",$AT36,0) -> 0 | AA36: =IF($AP36="",0,MIN(MAX($Y36-$Z36,0),SUMIFS(CP_Horas,CP_ChaveFalta,$AP36,CP_Aprov,"Sim"))) -> 0 | AB36: =IF($A36="",0,MIN(MAX($Y36-$Z36-$AA36,0),N($M36))) -> 0 | AC36: =IF($A36="",0,MAX($Y36-$Z36-$AA36-$AB36,0)) -> 0.125 | AD36: =IF(OR($AC36=0,$T36=""),0,$AC36*24*$T36) -> 182.88 | AE36: =IF(OR($A36="",$T36=""),0,(IF($AF36="Justificada",$W36,0)+N($L36))*24*$T36) -> 0 | AF36: =IF($A36="","",IF($J36<>"","Situação atípica",IF(AND($AL36="Leve atraso",$W36>0),"Leve atraso",IFERROR(INDEX(S_Cat,MATCH($C36,S_Status,0)),"Outros")))) -> Injustificada | AG36: =IF($A36="","",TRIM(IF($Z36>0,"Ferista cobriu "&TEXT($Z36,"[h]:mm")&"h. ","")&IF($AA36>0,"Compensado "&TEXT($AA36,"[h]:mm")&"h por "&IFERROR(INDEX(CP_Quem,MATCH($AP36,CP_ChaveFalta,0)),"?")&". ","")&IF($AU36>0,"Compensação aguardando aprovação ("&TEXT($AU36,"[h]:mm")&"h). ","")&IF($AB36>0,"Perdoado por acordo "&TEXT($AB36,"[h]:mm")&"h. ","")&IF(AND($AP36<>"",COUNTIF(CP_ChaveQuem,$AP36)>0),"Horas usadas p/ compensar falta de "&INDEX(CP_Falta,MATCH($AP36,CP_ChaveQuem,0))&" de "&TEXT(INDEX(CP_DataFalta,MATCH($AP36,CP_ChaveQuem,0)),"dd/mm")&". ","")&IF(AND($Q36="Ferista",SUMIFS(L_Ferista,L_Data,$A36,L_Equipe,$P36)>0),"Como ferista, cobriu "&TEXT(SUMIFS(L_Ferista,L_Data,$A36,L_Equipe,$P36),"[h]:mm")&"h de faltas da equipe. ","")&IF($AC36>0,"DESCONTA "&TEXT($AC36,"[h]:mm")&"h ("&$AF36&").",""))) -> DESCONTA 3:00h (Injustificada). | AH36: =IF($A36="","",IF($O36="?","CADASTRO: funcionário não está no Cadastro",IF(AND($O36<>"",$AJ36=""),"CADASTRO: sem vigência (função/turno) nesta data",IF(AND($AP36<>"",COUNTIF(L_ChavePD,$AP36)>1),"DUPLICADO: mesma pessoa 2x no dia",IF($A36<P_InicioRegras,"",IF(AND($C36="Horas Compensadas",COUNTIF(CP_ChaveQuem,$AP36)=0),"VINCULAR: registrar na aba Compensações de quem é a falta",IF($AU36>0,"APROVAR: compensação pendente na aba Compensações",IF(AND($AQ36<>"",$AS36>0,$AT36<$W36,$AC36>0),"FERISTA: horas do ferista não cobriram toda a falta",IF(AND($AL36="Pelo ponto",$AK36="",$E36="",$X36="Sim"),"PONTO: sem ponto nem horas manuais — descontando jornada cheia",IF(AND($AL36="Leve atraso",$E36="",N($AO36)>P_LeveMax),"CLASSIFICAR: ponto mostra atraso > 30 min — trocar o Status",IF($AF36="Leve atraso","AJUSTAR STATUS: atraso lançado como Horas Trabalhadas",IF(AND(N($K36)>0,$G36=""),"OBSERVAÇÃO: desconto extra sem observação",IF(AND($J36<>"",N($K36)+N($L36)>$U36),"CONFERIR: horas manuais maiores que a jornada",""))))))))))))) | AJ36: =IF(OR($A36="",$O36="",$O36="?"),"",IFERROR(MATCH($O36&"|"&SUMPRODUCT(MAX((V_RG=$O36)*(V_Ini<=$A36)*V_Ini)),V_Chave,0),"")) | AK36: =IF(ISNUMBER(SEARCH(" = ",$D36)),IFERROR(TIMEVALUE(TRIM(RIGHT($D36,5))),""),"") -> 0.20833333 | AL36: =IF($C36="","",IFERROR(INDEX(S_Modo,MATCH($C36,S_Status,0)),"Não")) -> Pelo ponto | AM36: =IF($C36="","",IFERROR(INDEX(S_Conta,MATCH($C36,S_Status,0)),"Não")) -> Sim | AN36: =IF($C36="","",IFERROR(INDEX(S_Trab,MATCH($C36,S_Status,0)),"Não")) -> Não | AO36: =IF(OR($A36="",$AK36=""),"",$U36-$AK36-IF($J36<>"Situação Atípica - Presente",N($K36)+N($L36),0)) -> 0.125 | AP36: =IF(OR($A36="",TRIM($B36)=""),"",TRIM($B36)&"|"&$A36) | AQ36: =IF(AND(P_CoberturaAuto="Sim",$A36<>"",$A36>=P_InicioRegras,$Q36="Normal / Fixo",$R36<>"",ISERROR(SEARCH("ENCARREGADO",$R36)),$AM36="Sim",$W36>0),$A36&"|"&$P36,"") | AR36: =IF($AQ36="","",COUNTIFS(L_ChaveCob,$AQ36,L_Ausencia,">"&$W36)+COUNTIFS($AQ$4:$AQ36,$AQ36,$W$4:$W36,$W36)) | AS36: =IF($AQ36="",0,SUMIFS(L_Trab,L_Data,$A36,L_Equipe,$P36,L_Contrato,"Ferista",L_Status,"<>Remanejamento")) -> 0 | AT36: =IF(OR($AQ36="",$AS36=0),0,MAX(MIN($W36,$AS36-SUMIFS(L_Ausencia,L_ChaveCob,$AQ36,L_OrdemCob,"<"&$AR36)),0)) -> 0 | AU36: =IF($AP36="",0,SUMIFS(CP_Horas,CP_ChaveFalta,$AP36,CP_Aprov,"<>Sim")) -> 0
A37: 46074 | C37: Entrada Atrasada ou Saída Antecipada S/ Justificativa | D37: PONTO 05:00 = 05:00 | H37: SERRALHEIRO I | N37: =IF($A37="","",DATE(YEAR($A37),MONTH($A37),1)) -> 46054 | O37: =IF(TRIM($B37)="","",IFERROR(INDEX(C_RG,MATCH(TRIM($B37),C_Nome,0)),"?")) | P37: =IF($A37="","",IF(TRIM($B37)="",P_EquipePostoVago,IF($AJ37="","",INDEX(V_Equipe,$AJ37)))) -> Serralheria | Q37: =IF($A37="","",IF(TRIM($B37)="","Posto Vago",IF($AJ37="","",INDEX(V_Contrato,$AJ37)))) -> Posto Vago | R37: =IF($A37="","",IF(TRIM($B37)="",$H37,IF($AJ37="","",INDEX(V_Funcao,$AJ37)))) -> SERRALHEIRO I | S37: =IF($A37="","",IF($I37<>"",$I37,IF(TRIM($B37)="","ADM",IF($AJ37="","",INDEX(V_Turno,$AJ37))))) -> ADM | T37: =IF(OR($A37="",$R37=""),"",IFERROR(INDEX(F_Valor,MATCH($R37&"|"&SUMPRODUCT(MAX((F_Funcao=$R37)*(F_Ini<=$A37)*F_Ini)),F_Chave,0)),"")) -> 49.098892 | U37: =IF(OR($A37="",$S37=""),0,IFERROR(INDEX(T_Horas,MATCH($S37,T_Turno,0),WEEKDAY($A37,2)),0)) -> 0 | V37: =IF($A37="",0,MAX(IF($F37<>"",N($F37),IF($AN37="Sim",IF($AK37<>"",$AK37,$U37),$U37-$W37))-IF($J37="Situação Atípica - Presente",N($K37),0),0)) -> 0 | W37: =IF($A37="",0,IF($E37<>"",N($E37),IF($AL37="Dia inteiro",$U37,IF($AL37="Pelo ponto",IF($AK37="",$U37,MAX($U37-$AK37,0)),IF(AND($AL37="Leve atraso",$AO37<>""),IF(AND($AO37>P_LeveMin,$AO37<=P_LeveMax),$AO37,0),0))))) -> 0 | X37: =IF($A37="","",IF(OR($Q37="Ferista",$Q37=""),"Não",IF(AND($AL37="Leve atraso",$W37>0,$A37>=P_InicioRegras),"Sim",IF(OR($J37<>"",$K37<>"",$L37<>""),"Não",$AM37)))) -> Sim | Y37: =IF($A37="",0,IF($Q37="Ferista",0,IF($X37="Sim",$W37,0)+N($K37))) -> 0 | Z37: =IF($X37="Sim",$AT37,0) -> 0 | AA37: =IF($AP37="",0,MIN(MAX($Y37-$Z37,0),SUMIFS(CP_Horas,CP_ChaveFalta,$AP37,CP_Aprov,"Sim"))) -> 0 | AB37: =IF($A37="",0,MIN(MAX($Y37-$Z37-$AA37,0),N($M37))) -> 0 | AC37: =IF($A37="",0,MAX($Y37-$Z37-$AA37-$AB37,0)) -> 0 | AD37: =IF(OR($AC37=0,$T37=""),0,$AC37*24*$T37) -> 0 | AE37: =IF(OR($A37="",$T37=""),0,(IF($AF37="Justificada",$W37,0)+N($L37))*24*$T37) -> 0 | AF37: =IF($A37="","",IF($J37<>"","Situação atípica",IF(AND($AL37="Leve atraso",$W37>0),"Leve atraso",IFERROR(INDEX(S_Cat,MATCH($C37,S_Status,0)),"Outros")))) -> Injustificada | AG37: =IF($A37="","",TRIM(IF($Z37>0,"Ferista cobriu "&TEXT($Z37,"[h]:mm")&"h. ","")&IF($AA37>0,"Compensado "&TEXT($AA37,"[h]:mm")&"h por "&IFERROR(INDEX(CP_Quem,MATCH($AP37,CP_ChaveFalta,0)),"?")&". ","")&IF($AU37>0,"Compensação aguardando aprovação ("&TEXT($AU37,"[h]:mm")&"h). ","")&IF($AB37>0,"Perdoado por acordo "&TEXT($AB37,"[h]:mm")&"h. ","")&IF(AND($AP37<>"",COUNTIF(CP_ChaveQuem,$AP37)>0),"Horas usadas p/ compensar falta de "&INDEX(CP_Falta,MATCH($AP37,CP_ChaveQuem,0))&" de "&TEXT(INDEX(CP_DataFalta,MATCH($AP37,CP_ChaveQuem,0)),"dd/mm")&". ","")&IF(AND($Q37="Ferista",SUMIFS(L_Ferista,L_Data,$A37,L_Equipe,$P37)>0),"Como ferista, cobriu "&TEXT(SUMIFS(L_Ferista,L_Data,$A37,L_Equipe,$P37),"[h]:mm")&"h de faltas da equipe. ","")&IF($AC37>0,"DESCONTA "&TEXT($AC37,"[h]:mm")&"h ("&$AF37&").",""))) | AH37: =IF($A37="","",IF($O37="?","CADASTRO: funcionário não está no Cadastro",IF(AND($O37<>"",$AJ37=""),"CADASTRO: sem vigência (função/turno) nesta data",IF(AND($AP37<>"",COUNTIF(L_ChavePD,$AP37)>1),"DUPLICADO: mesma pessoa 2x no dia",IF($A37<P_InicioRegras,"",IF(AND($C37="Horas Compensadas",COUNTIF(CP_ChaveQuem,$AP37)=0),"VINCULAR: registrar na aba Compensações de quem é a falta",IF($AU37>0,"APROVAR: compensação pendente na aba Compensações",IF(AND($AQ37<>"",$AS37>0,$AT37<$W37,$AC37>0),"FERISTA: horas do ferista não cobriram toda a falta",IF(AND($AL37="Pelo ponto",$AK37="",$E37="",$X37="Sim"),"PONTO: sem ponto nem horas manuais — descontando jornada cheia",IF(AND($AL37="Leve atraso",$E37="",N($AO37)>P_LeveMax),"CLASSIFICAR: ponto mostra atraso > 30 min — trocar o Status",IF($AF37="Leve atraso","AJUSTAR STATUS: atraso lançado como Horas Trabalhadas",IF(AND(N($K37)>0,$G37=""),"OBSERVAÇÃO: desconto extra sem observação",IF(AND($J37<>"",N($K37)+N($L37)>$U37),"CONFERIR: horas manuais maiores que a jornada",""))))))))))))) | AJ37: =IF(OR($A37="",$O37="",$O37="?"),"",IFERROR(MATCH($O37&"|"&SUMPRODUCT(MAX((V_RG=$O37)*(V_Ini<=$A37)*V_Ini)),V_Chave,0),"")) | AK37: =IF(ISNUMBER(SEARCH(" = ",$D37)),IFERROR(TIMEVALUE(TRIM(RIGHT($D37,5))),""),"") -> 0.20833333 | AL37: =IF($C37="","",IFERROR(INDEX(S_Modo,MATCH($C37,S_Status,0)),"Não")) -> Pelo ponto | AM37: =IF($C37="","",IFERROR(INDEX(S_Conta,MATCH($C37,S_Status,0)),"Não")) -> Sim | AN37: =IF($C37="","",IFERROR(INDEX(S_Trab,MATCH($C37,S_Status,0)),"Não")) -> Não | AO37: =IF(OR($A37="",$AK37=""),"",$U37-$AK37-IF($J37<>"Situação Atípica - Presente",N($K37)+N($L37),0)) -> -0.20833333 | AP37: =IF(OR($A37="",TRIM($B37)=""),"",TRIM($B37)&"|"&$A37) | AQ37: =IF(AND(P_CoberturaAuto="Sim",$A37<>"",$A37>=P_InicioRegras,$Q37="Normal / Fixo",$R37<>"",ISERROR(SEARCH("ENCARREGADO",$R37)),$AM37="Sim",$W37>0),$A37&"|"&$P37,"") | AR37: =IF($AQ37="","",COUNTIFS(L_ChaveCob,$AQ37,L_Ausencia,">"&$W37)+COUNTIFS($AQ$4:$AQ37,$AQ37,$W$4:$W37,$W37)) | AS37: =IF($AQ37="",0,SUMIFS(L_Trab,L_Data,$A37,L_Equipe,$P37,L_Contrato,"Ferista",L_Status,"<>Remanejamento")) -> 0 | AT37: =IF(OR($AQ37="",$AS37=0),0,MAX(MIN($W37,$AS37-SUMIFS(L_Ausencia,L_ChaveCob,$AQ37,L_OrdemCob,"<"&$AR37)),0)) -> 0 | AU37: =IF($AP37="",0,SUMIFS(CP_Horas,CP_ChaveFalta,$AP37,CP_Aprov,"<>Sim")) -> 0
A38: 46080 | C38: Ausências S/ Justificativa | H38: SERRALHEIRO I | N38: =IF($A38="","",DATE(YEAR($A38),MONTH($A38),1)) -> 46054 | O38: =IF(TRIM($B38)="","",IFERROR(INDEX(C_RG,MATCH(TRIM($B38),C_Nome,0)),"?")) | P38: =IF($A38="","",IF(TRIM($B38)="",P_EquipePostoVago,IF($AJ38="","",INDEX(V_Equipe,$AJ38)))) -> Serralheria | Q38: =IF($A38="","",IF(TRIM($B38)="","Posto Vago",IF($AJ38="","",INDEX(V_Contrato,$AJ38)))) -> Posto Vago | R38: =IF($A38="","",IF(TRIM($B38)="",$H38,IF($AJ38="","",INDEX(V_Funcao,$AJ38)))) -> SERRALHEIRO I | S38: =IF($A38="","",IF($I38<>"",$I38,IF(TRIM($B38)="","ADM",IF($AJ38="","",INDEX(V_Turno,$AJ38))))) -> ADM | T38: =IF(OR($A38="",$R38=""),"",IFERROR(INDEX(F_Valor,MATCH($R38&"|"&SUMPRODUCT(MAX((F_Funcao=$R38)*(F_Ini<=$A38)*F_Ini)),F_Chave,0)),"")) -> 49.098892 | U38: =IF(OR($A38="",$S38=""),0,IFERROR(INDEX(T_Horas,MATCH($S38,T_Turno,0),WEEKDAY($A38,2)),0)) -> 0.33333333 | V38: =IF($A38="",0,MAX(IF($F38<>"",N($F38),IF($AN38="Sim",IF($AK38<>"",$AK38,$U38),$U38-$W38))-IF($J38="Situação Atípica - Presente",N($K38),0),0)) -> 0 | W38: =IF($A38="",0,IF($E38<>"",N($E38),IF($AL38="Dia inteiro",$U38,IF($AL38="Pelo ponto",IF($AK38="",$U38,MAX($U38-$AK38,0)),IF(AND($AL38="Leve atraso",$AO38<>""),IF(AND($AO38>P_LeveMin,$AO38<=P_LeveMax),$AO38,0),0))))) -> 0.33333333 | X38: =IF($A38="","",IF(OR($Q38="Ferista",$Q38=""),"Não",IF(AND($AL38="Leve atraso",$W38>0,$A38>=P_InicioRegras),"Sim",IF(OR($J38<>"",$K38<>"",$L38<>""),"Não",$AM38)))) -> Sim | Y38: =IF($A38="",0,IF($Q38="Ferista",0,IF($X38="Sim",$W38,0)+N($K38))) -> 0.33333333 | Z38: =IF($X38="Sim",$AT38,0) -> 0 | AA38: =IF($AP38="",0,MIN(MAX($Y38-$Z38,0),SUMIFS(CP_Horas,CP_ChaveFalta,$AP38,CP_Aprov,"Sim"))) -> 0 | AB38: =IF($A38="",0,MIN(MAX($Y38-$Z38-$AA38,0),N($M38))) -> 0 | AC38: =IF($A38="",0,MAX($Y38-$Z38-$AA38-$AB38,0)) -> 0.33333333 | AD38: =IF(OR($AC38=0,$T38=""),0,$AC38*24*$T38) -> 392.79114 | AE38: =IF(OR($A38="",$T38=""),0,(IF($AF38="Justificada",$W38,0)+N($L38))*24*$T38) -> 0 | AF38: =IF($A38="","",IF($J38<>"","Situação atípica",IF(AND($AL38="Leve atraso",$W38>0),"Leve atraso",IFERROR(INDEX(S_Cat,MATCH($C38,S_Status,0)),"Outros")))) -> Injustificada | AG38: =IF($A38="","",TRIM(IF($Z38>0,"Ferista cobriu "&TEXT($Z38,"[h]:mm")&"h. ","")&IF($AA38>0,"Compensado "&TEXT($AA38,"[h]:mm")&"h por "&IFERROR(INDEX(CP_Quem,MATCH($AP38,CP_ChaveFalta,0)),"?")&". ","")&IF($AU38>0,"Compensação aguardando aprovação ("&TEXT($AU38,"[h]:mm")&"h). ","")&IF($AB38>0,"Perdoado por acordo "&TEXT($AB38,"[h]:mm")&"h. ","")&IF(AND($AP38<>"",COUNTIF(CP_ChaveQuem,$AP38)>0),"Horas usadas p/ compensar falta de "&INDEX(CP_Falta,MATCH($AP38,CP_ChaveQuem,0))&" de "&TEXT(INDEX(CP_DataFalta,MATCH($AP38,CP_ChaveQuem,0)),"dd/mm")&". ","")&IF(AND($Q38="Ferista",SUMIFS(L_Ferista,L_Data,$A38,L_Equipe,$P38)>0),"Como ferista, cobriu "&TEXT(SUMIFS(L_Ferista,L_Data,$A38,L_Equipe,$P38),"[h]:mm")&"h de faltas da equipe. ","")&IF($AC38>0,"DESCONTA "&TEXT($AC38,"[h]:mm")&"h ("&$AF38&").",""))) -> DESCONTA 8:00h (Injustificada). | AH38: =IF($A38="","",IF($O38="?","CADASTRO: funcionário não está no Cadastro",IF(AND($O38<>"",$AJ38=""),"CADASTRO: sem vigência (função/turno) nesta data",IF(AND($AP38<>"",COUNTIF(L_ChavePD,$AP38)>1),"DUPLICADO: mesma pessoa 2x no dia",IF($A38<P_InicioRegras,"",IF(AND($C38="Horas Compensadas",COUNTIF(CP_ChaveQuem,$AP38)=0),"VINCULAR: registrar na aba Compensações de quem é a falta",IF($AU38>0,"APROVAR: compensação pendente na aba Compensações",IF(AND($AQ38<>"",$AS38>0,$AT38<$W38,$AC38>0),"FERISTA: horas do ferista não cobriram toda a falta",IF(AND($AL38="Pelo ponto",$AK38="",$E38="",$X38="Sim"),"PONTO: sem ponto nem horas manuais — descontando jornada cheia",IF(AND($AL38="Leve atraso",$E38="",N($AO38)>P_LeveMax),"CLASSIFICAR: ponto mostra atraso > 30 min — trocar o Status",IF($AF38="Leve atraso","AJUSTAR STATUS: atraso lançado como Horas Trabalhadas",IF(AND(N($K38)>0,$G38=""),"OBSERVAÇÃO: desconto extra sem observação",IF(AND($J38<>"",N($K38)+N($L38)>$U38),"CONFERIR: horas manuais maiores que a jornada",""))))))))))))) | AJ38: =IF(OR($A38="",$O38="",$O38="?"),"",IFERROR(MATCH($O38&"|"&SUMPRODUCT(MAX((V_RG=$O38)*(V_Ini<=$A38)*V_Ini)),V_Chave,0),"")) | AK38: =IF(ISNUMBER(SEARCH(" = ",$D38)),IFERROR(TIMEVALUE(TRIM(RIGHT($D38,5))),""),"") | AL38: =IF($C38="","",IFERROR(INDEX(S_Modo,MATCH($C38,S_Status,0)),"Não")) -> Dia inteiro | AM38: =IF($C38="","",IFERROR(INDEX(S_Conta,MATCH($C38,S_Status,0)),"Não")) -> Sim | AN38: =IF($C38="","",IFERROR(INDEX(S_Trab,MATCH($C38,S_Status,0)),"Não")) -> Não | AO38: =IF(OR($A38="",$AK38=""),"",$U38-$AK38-IF($J38<>"Situação Atípica - Presente",N($K38)+N($L38),0)) | AP38: =IF(OR($A38="",TRIM($B38)=""),"",TRIM($B38)&"|"&$A38) | AQ38: =IF(AND(P_CoberturaAuto="Sim",$A38<>"",$A38>=P_InicioRegras,$Q38="Normal / Fixo",$R38<>"",ISERROR(SEARCH("ENCARREGADO",$R38)),$AM38="Sim",$W38>0),$A38&"|"&$P38,"") | AR38: =IF($AQ38="","",COUNTIFS(L_ChaveCob,$AQ38,L_Ausencia,">"&$W38)+COUNTIFS($AQ$4:$AQ38,$AQ38,$W$4:$W38,$W38)) | AS38: =IF($AQ38="",0,SUMIFS(L_Trab,L_Data,$A38,L_Equipe,$P38,L_Contrato,"Ferista",L_Status,"<>Remanejamento")) -> 0 | AT38: =IF(OR($AQ38="",$AS38=0),0,MAX(MIN($W38,$AS38-SUMIFS(L_Ausencia,L_ChaveCob,$AQ38,L_OrdemCob,"<"&$AR38)),0)) -> 0 | AU38: =IF($AP38="",0,SUMIFS(CP_Horas,CP_ChaveFalta,$AP38,CP_Aprov,"<>Sim")) -> 0
A39: 46080 | C39: Ausências S/ Justificativa | H39: SERRALHEIRO I | N39: =IF($A39="","",DATE(YEAR($A39),MONTH($A39),1)) -> 46054 | O39: =IF(TRIM($B39)="","",IFERROR(INDEX(C_RG,MATCH(TRIM($B39),C_Nome,0)),"?")) | P39: =IF($A39="","",IF(TRIM($B39)="",P_EquipePostoVago,IF($AJ39="","",INDEX(V_Equipe,$AJ39)))) -> Serralheria | Q39: =IF($A39="","",IF(TRIM($B39)="","Posto Vago",IF($AJ39="","",INDEX(V_Contrato,$AJ39)))) -> Posto Vago | R39: =IF($A39="","",IF(TRIM($B39)="",$H39,IF($AJ39="","",INDEX(V_Funcao,$AJ39)))) -> SERRALHEIRO I | S39: =IF($A39="","",IF($I39<>"",$I39,IF(TRIM($B39)="","ADM",IF($AJ39="","",INDEX(V_Turno,$AJ39))))) -> ADM | T39: =IF(OR($A39="",$R39=""),"",IFERROR(INDEX(F_Valor,MATCH($R39&"|"&SUMPRODUCT(MAX((F_Funcao=$R39)*(F_Ini<=$A39)*F_Ini)),F_Chave,0)),"")) -> 49.098892 | U39: =IF(OR($A39="",$S39=""),0,IFERROR(INDEX(T_Horas,MATCH($S39,T_Turno,0),WEEKDAY($A39,2)),0)) -> 0.33333333 | V39: =IF($A39="",0,MAX(IF($F39<>"",N($F39),IF($AN39="Sim",IF($AK39<>"",$AK39,$U39),$U39-$W39))-IF($J39="Situação Atípica - Presente",N($K39),0),0)) -> 0 | W39: =IF($A39="",0,IF($E39<>"",N($E39),IF($AL39="Dia inteiro",$U39,IF($AL39="Pelo ponto",IF($AK39="",$U39,MAX($U39-$AK39,0)),IF(AND($AL39="Leve atraso",$AO39<>""),IF(AND($AO39>P_LeveMin,$AO39<=P_LeveMax),$AO39,0),0))))) -> 0.33333333 | X39: =IF($A39="","",IF(OR($Q39="Ferista",$Q39=""),"Não",IF(AND($AL39="Leve atraso",$W39>0,$A39>=P_InicioRegras),"Sim",IF(OR($J39<>"",$K39<>"",$L39<>""),"Não",$AM39)))) -> Sim | Y39: =IF($A39="",0,IF($Q39="Ferista",0,IF($X39="Sim",$W39,0)+N($K39))) -> 0.33333333 | Z39: =IF($X39="Sim",$AT39,0) -> 0 | AA39: =IF($AP39="",0,MIN(MAX($Y39-$Z39,0),SUMIFS(CP_Horas,CP_ChaveFalta,$AP39,CP_Aprov,"Sim"))) -> 0 | AB39: =IF($A39="",0,MIN(MAX($Y39-$Z39-$AA39,0),N($M39))) -> 0 | AC39: =IF($A39="",0,MAX($Y39-$Z39-$AA39-$AB39,0)) -> 0.33333333 | AD39: =IF(OR($AC39=0,$T39=""),0,$AC39*24*$T39) -> 392.79114 | AE39: =IF(OR($A39="",$T39=""),0,(IF($AF39="Justificada",$W39,0)+N($L39))*24*$T39) -> 0 | AF39: =IF($A39="","",IF($J39<>"","Situação atípica",IF(AND($AL39="Leve atraso",$W39>0),"Leve atraso",IFERROR(INDEX(S_Cat,MATCH($C39,S_Status,0)),"Outros")))) -> Injustificada | AG39: =IF($A39="","",TRIM(IF($Z39>0,"Ferista cobriu "&TEXT($Z39,"[h]:mm")&"h. ","")&IF($AA39>0,"Compensado "&TEXT($AA39,"[h]:mm")&"h por "&IFERROR(INDEX(CP_Quem,MATCH($AP39,CP_ChaveFalta,0)),"?")&". ","")&IF($AU39>0,"Compensação aguardando aprovação ("&TEXT($AU39,"[h]:mm")&"h). ","")&IF($AB39>0,"Perdoado por acordo "&TEXT($AB39,"[h]:mm")&"h. ","")&IF(AND($AP39<>"",COUNTIF(CP_ChaveQuem,$AP39)>0),"Horas usadas p/ compensar falta de "&INDEX(CP_Falta,MATCH($AP39,CP_ChaveQuem,0))&" de "&TEXT(INDEX(CP_DataFalta,MATCH($AP39,CP_ChaveQuem,0)),"dd/mm")&". ","")&IF(AND($Q39="Ferista",SUMIFS(L_Ferista,L_Data,$A39,L_Equipe,$P39)>0),"Como ferista, cobriu "&TEXT(SUMIFS(L_Ferista,L_Data,$A39,L_Equipe,$P39),"[h]:mm")&"h de faltas da equipe. ","")&IF($AC39>0,"DESCONTA "&TEXT($AC39,"[h]:mm")&"h ("&$AF39&").",""))) -> DESCONTA 8:00h (Injustificada). | AH39: =IF($A39="","",IF($O39="?","CADASTRO: funcionário não está no Cadastro",IF(AND($O39<>"",$AJ39=""),"CADASTRO: sem vigência (função/turno) nesta data",IF(AND($AP39<>"",COUNTIF(L_ChavePD,$AP39)>1),"DUPLICADO: mesma pessoa 2x no dia",IF($A39<P_InicioRegras,"",IF(AND($C39="Horas Compensadas",COUNTIF(CP_ChaveQuem,$AP39)=0),"VINCULAR: registrar na aba Compensações de quem é a falta",IF($AU39>0,"APROVAR: compensação pendente na aba Compensações",IF(AND($AQ39<>"",$AS39>0,$AT39<$W39,$AC39>0),"FERISTA: horas do ferista não cobriram toda a falta",IF(AND($AL39="Pelo ponto",$AK39="",$E39="",$X39="Sim"),"PONTO: sem ponto nem horas manuais — descontando jornada cheia",IF(AND($AL39="Leve atraso",$E39="",N($AO39)>P_LeveMax),"CLASSIFICAR: ponto mostra atraso > 30 min — trocar o Status",IF($AF39="Leve atraso","AJUSTAR STATUS: atraso lançado como Horas Trabalhadas",IF(AND(N($K39)>0,$G39=""),"OBSERVAÇÃO: desconto extra sem observação",IF(AND($J39<>"",N($K39)+N($L39)>$U39),"CONFERIR: horas manuais maiores que a jornada",""))))))))))))) | AJ39: =IF(OR($A39="",$O39="",$O39="?"),"",IFERROR(MATCH($O39&"|"&SUMPRODUCT(MAX((V_RG=$O39)*(V_Ini<=$A39)*V_Ini)),V_Chave,0),"")) | AK39: =IF(ISNUMBER(SEARCH(" = ",$D39)),IFERROR(TIMEVALUE(TRIM(RIGHT($D39,5))),""),"") | AL39: =IF($C39="","",IFERROR(INDEX(S_Modo,MATCH($C39,S_Status,0)),"Não")) -> Dia inteiro | AM39: =IF($C39="","",IFERROR(INDEX(S_Conta,MATCH($C39,S_Status,0)),"Não")) -> Sim | AN39: =IF($C39="","",IFERROR(INDEX(S_Trab,MATCH($C39,S_Status,0)),"Não")) -> Não | AO39: =IF(OR($A39="",$AK39=""),"",$U39-$AK39-IF($J39<>"Situação Atípica - Presente",N($K39)+N($L39),0)) | AP39: =IF(OR($A39="",TRIM($B39)=""),"",TRIM($B39)&"|"&$A39) | AQ39: =IF(AND(P_CoberturaAuto="Sim",$A39<>"",$A39>=P_InicioRegras,$Q39="Normal / Fixo",$R39<>"",ISERROR(SEARCH("ENCARREGADO",$R39)),$AM39="Sim",$W39>0),$A39&"|"&$P39,"") | AR39: =IF($AQ39="","",COUNTIFS(L_ChaveCob,$AQ39,L_Ausencia,">"&$W39)+COUNTIFS($AQ$4:$AQ39,$AQ39,$W$4:$W39,$W39)) | AS39: =IF($AQ39="",0,SUMIFS(L_Trab,L_Data,$A39,L_Equipe,$P39,L_Contrato,"Ferista",L_Status,"<>Remanejamento")) -> 0 | AT39: =IF(OR($AQ39="",$AS39=0),0,MAX(MIN($W39,$AS39-SUMIFS(L_Ausencia,L_ChaveCob,$AQ39,L_OrdemCob,"<"&$AR39)),0)) -> 0 | AU39: =IF($AP39="",0,SUMIFS(CP_Horas,CP_ChaveFalta,$AP39,CP_Aprov,"<>Sim")) -> 0
A40: 46080 | C40: Entrada Atrasada ou Saída Antecipada S/ Justificativa | D40: PONTO 04:00 = 04:00 | H40: SERRALHEIRO II | N40: =IF($A40="","",DATE(YEAR($A40),MONTH($A40),1)) -> 46054 | O40: =IF(TRIM($B40)="","",IFERROR(INDEX(C_RG,MATCH(TRIM($B40),C_Nome,0)),"?")) | P40: =IF($A40="","",IF(TRIM($B40)="",P_EquipePostoVago,IF($AJ40="","",INDEX(V_Equipe,$AJ40)))) -> Serralheria | Q40: =IF($A40="","",IF(TRIM($B40)="","Posto Vago",IF($AJ40="","",INDEX(V_Contrato,$AJ40)))) -> Posto Vago | R40: =IF($A40="","",IF(TRIM($B40)="",$H40,IF($AJ40="","",INDEX(V_Funcao,$AJ40)))) -> SERRALHEIRO II | S40: =IF($A40="","",IF($I40<>"",$I40,IF(TRIM($B40)="","ADM",IF($AJ40="","",INDEX(V_Turno,$AJ40))))) -> ADM | T40: =IF(OR($A40="",$R40=""),"",IFERROR(INDEX(F_Valor,MATCH($R40&"|"&SUMPRODUCT(MAX((F_Funcao=$R40)*(F_Ini<=$A40)*F_Ini)),F_Chave,0)),"")) -> 53.080351 | U40: =IF(OR($A40="",$S40=""),0,IFERROR(INDEX(T_Horas,MATCH($S40,T_Turno,0),WEEKDAY($A40,2)),0)) -> 0.33333333 | V40: =IF($A40="",0,MAX(IF($F40<>"",N($F40),IF($AN40="Sim",IF($AK40<>"",$AK40,$U40),$U40-$W40))-IF($J40="Situação Atípica - Presente",N($K40),0),0)) -> 0.16666667 | W40: =IF($A40="",0,IF($E40<>"",N($E40),IF($AL40="Dia inteiro",$U40,IF($AL40="Pelo ponto",IF($AK40="",$U40,MAX($U40-$AK40,0)),IF(AND($AL40="Leve atraso",$AO40<>""),IF(AND($AO40>P_LeveMin,$AO40<=P_LeveMax),$AO40,0),0))))) -> 0.16666667 | X40: =IF($A40="","",IF(OR($Q40="Ferista",$Q40=""),"Não",IF(AND($AL40="Leve atraso",$W40>0,$A40>=P_InicioRegras),"Sim",IF(OR($J40<>"",$K40<>"",$L40<>""),"Não",$AM40)))) -> Sim | Y40: =IF($A40="",0,IF($Q40="Ferista",0,IF($X40="Sim",$W40,0)+N($K40))) -> 0.16666667 | Z40: =IF($X40="Sim",$AT40,0) -> 0 | AA40: =IF($AP40="",0,MIN(MAX($Y40-$Z40,0),SUMIFS(CP_Horas,CP_ChaveFalta,$AP40,CP_Aprov,"Sim"))) -> 0 | AB40: =IF($A40="",0,MIN(MAX($Y40-$Z40-$AA40,0),N($M40))) -> 0 | AC40: =IF($A40="",0,MAX($Y40-$Z40-$AA40-$AB40,0)) -> 0.16666667 | AD40: =IF(OR($AC40=0,$T40=""),0,$AC40*24*$T40) -> 212.32141 | AE40: =IF(OR($A40="",$T40=""),0,(IF($AF40="Justificada",$W40,0)+N($L40))*24*$T40) -> 0 | AF40: =IF($A40="","",IF($J40<>"","Situação atípica",IF(AND($AL40="Leve atraso",$W40>0),"Leve atraso",IFERROR(INDEX(S_Cat,MATCH($C40,S_Status,0)),"Outros")))) -> Injustificada | AG40: =IF($A40="","",TRIM(IF($Z40>0,"Ferista cobriu "&TEXT($Z40,"[h]:mm")&"h. ","")&IF($AA40>0,"Compensado "&TEXT($AA40,"[h]:mm")&"h por "&IFERROR(INDEX(CP_Quem,MATCH($AP40,CP_ChaveFalta,0)),"?")&". ","")&IF($AU40>0,"Compensação aguardando aprovação ("&TEXT($AU40,"[h]:mm")&"h). ","")&IF($AB40>0,"Perdoado por acordo "&TEXT($AB40,"[h]:mm")&"h. ","")&IF(AND($AP40<>"",COUNTIF(CP_ChaveQuem,$AP40)>0),"Horas usadas p/ compensar falta de "&INDEX(CP_Falta,MATCH($AP40,CP_ChaveQuem,0))&" de "&TEXT(INDEX(CP_DataFalta,MATCH($AP40,CP_ChaveQuem,0)),"dd/mm")&". ","")&IF(AND($Q40="Ferista",SUMIFS(L_Ferista,L_Data,$A40,L_Equipe,$P40)>0),"Como ferista, cobriu "&TEXT(SUMIFS(L_Ferista,L_Data,$A40,L_Equipe,$P40),"[h]:mm")&"h de faltas da equipe. ","")&IF($AC40>0,"DESCONTA "&TEXT($AC40,"[h]:mm")&"h ("&$AF40&").",""))) -> DESCONTA 4:00h (Injustificada). | AH40: =IF($A40="","",IF($O40="?","CADASTRO: funcionário não está no Cadastro",IF(AND($O40<>"",$AJ40=""),"CADASTRO: sem vigência (função/turno) nesta data",IF(AND($AP40<>"",COUNTIF(L_ChavePD,$AP40)>1),"DUPLICADO: mesma pessoa 2x no dia",IF($A40<P_InicioRegras,"",IF(AND($C40="Horas Compensadas",COUNTIF(CP_ChaveQuem,$AP40)=0),"VINCULAR: registrar na aba Compensações de quem é a falta",IF($AU40>0,"APROVAR: compensação pendente na aba Compensações",IF(AND($AQ40<>"",$AS40>0,$AT40<$W40,$AC40>0),"FERISTA: horas do ferista não cobriram toda a falta",IF(AND($AL40="Pelo ponto",$AK40="",$E40="",$X40="Sim"),"PONTO: sem ponto nem horas manuais — descontando jornada cheia",IF(AND($AL40="Leve atraso",$E40="",N($AO40)>P_LeveMax),"CLASSIFICAR: ponto mostra atraso > 30 min — trocar o Status",IF($AF40="Leve atraso","AJUSTAR STATUS: atraso lançado como Horas Trabalhadas",IF(AND(N($K40)>0,$G40=""),"OBSERVAÇÃO: desconto extra sem observação",IF(AND($J40<>"",N($K40)+N($L40)>$U40),"CONFERIR: horas manuais maiores que a jornada",""))))))))))))) | AJ40: =IF(OR($A40="",$O40="",$O40="?"),"",IFERROR(MATCH($O40&"|"&SUMPRODUCT(MAX((V_RG=$O40)*(V_Ini<=$A40)*V_Ini)),V_Chave,0),"")) | AK40: =IF(ISNUMBER(SEARCH(" = ",$D40)),IFERROR(TIMEVALUE(TRIM(RIGHT($D40,5))),""),"") -> 0.16666667 | AL40: =IF($C40="","",IFERROR(INDEX(S_Modo,MATCH($C40,S_Status,0)),"Não")) -> Pelo ponto | AM40: =IF($C40="","",IFERROR(INDEX(S_Conta,MATCH($C40,S_Status,0)),"Não")) -> Sim | AN40: =IF($C40="","",IFERROR(INDEX(S_Trab,MATCH($C40,S_Status,0)),"Não")) -> Não | AO40: =IF(OR($A40="",$AK40=""),"",$U40-$AK40-IF($J40<>"Situação Atípica - Presente",N($K40)+N($L40),0)) -> 0.16666667 | AP40: =IF(OR($A40="",TRIM($B40)=""),"",TRIM($B40)&"|"&$A40) | AQ40: =IF(AND(P_CoberturaAuto="Sim",$A40<>"",$A40>=P_InicioRegras,$Q40="Normal / Fixo",$R40<>"",ISERROR(SEARCH("ENCARREGADO",$R40)),$AM40="Sim",$W40>0),$A40&"|"&$P40,"") | AR40: =IF($AQ40="","",COUNTIFS(L_ChaveCob,$AQ40,L_Ausencia,">"&$W40)+COUNTIFS($AQ$4:$AQ40,$AQ40,$W$4:$W40,$W40)) | AS40: =IF($AQ40="",0,SUMIFS(L_Trab,L_Data,$A40,L_Equipe,$P40,L_Contrato,"Ferista",L_Status,"<>Remanejamento")) -> 0 | AT40: =IF(OR($AQ40="",$AS40=0),0,MAX(MIN($W40,$AS40-SUMIFS(L_Ausencia,L_ChaveCob,$AQ40,L_OrdemCob,"<"&$AR40)),0)) -> 0 | AU40: =IF($AP40="",0,SUMIFS(CP_Horas,CP_ChaveFalta,$AP40,CP_Aprov,"<>Sim")) -> 0
A41: 46083 | C41: Ausências S/ Justificativa | H41: SERRALHEIRO I | N41: =IF($A41="","",DATE(YEAR($A41),MONTH($A41),1)) -> 46082 | O41: =IF(TRIM($B41)="","",IFERROR(INDEX(C_RG,MATCH(TRIM($B41),C_Nome,0)),"?")) | P41: =IF($A41="","",IF(TRIM($B41)="",P_EquipePostoVago,IF($AJ41="","",INDEX(V_Equipe,$AJ41)))) -> Serralheria | Q41: =IF($A41="","",IF(TRIM($B41)="","Posto Vago",IF($AJ41="","",INDEX(V_Contrato,$AJ41)))) -> Posto Vago | R41: =IF($A41="","",IF(TRIM($B41)="",$H41,IF($AJ41="","",INDEX(V_Funcao,$AJ41)))) -> SERRALHEIRO I | S41: =IF($A41="","",IF($I41<>"",$I41,IF(TRIM($B41)="","ADM",IF($AJ41="","",INDEX(V_Turno,$AJ41))))) -> ADM | T41: =IF(OR($A41="",$R41=""),"",IFERROR(INDEX(F_Valor,MATCH($R41&"|"&SUMPRODUCT(MAX((F_Funcao=$R41)*(F_Ini<=$A41)*F_Ini)),F_Chave,0)),"")) -> 49.098892 | U41: =IF(OR($A41="",$S41=""),0,IFERROR(INDEX(T_Horas,MATCH($S41,T_Turno,0),WEEKDAY($A41,2)),0)) -> 0.375 | V41: =IF($A41="",0,MAX(IF($F41<>"",N($F41),IF($AN41="Sim",IF($AK41<>"",$AK41,$U41),$U41-$W41))-IF($J41="Situação Atípica - Presente",N($K41),0),0)) -> 0 | W41: =IF($A41="",0,IF($E41<>"",N($E41),IF($AL41="Dia inteiro",$U41,IF($AL41="Pelo ponto",IF($AK41="",$U41,MAX($U41-$AK41,0)),IF(AND($AL41="Leve atraso",$AO41<>""),IF(AND($AO41>P_LeveMin,$AO41<=P_LeveMax),$AO41,0),0))))) -> 0.375 | X41: =IF($A41="","",IF(OR($Q41="Ferista",$Q41=""),"Não",IF(AND($AL41="Leve atraso",$W41>0,$A41>=P_InicioRegras),"Sim",IF(OR($J41<>"",$K41<>"",$L41<>""),"Não",$AM41)))) -> Sim | Y41: =IF($A41="",0,IF($Q41="Ferista",0,IF($X41="Sim",$W41,0)+N($K41))) -> 0.375 | Z41: =IF($X41="Sim",$AT41,0) -> 0 | AA41: =IF($AP41="",0,MIN(MAX($Y41-$Z41,0),SUMIFS(CP_Horas,CP_ChaveFalta,$AP41,CP_Aprov,"Sim"))) -> 0 | AB41: =IF($A41="",0,MIN(MAX($Y41-$Z41-$AA41,0),N($M41))) -> 0 | AC41: =IF($A41="",0,MAX($Y41-$Z41-$AA41-$AB41,0)) -> 0.375 | AD41: =IF(OR($AC41=0,$T41=""),0,$AC41*24*$T41) -> 441.89003 | AE41: =IF(OR($A41="",$T41=""),0,(IF($AF41="Justificada",$W41,0)+N($L41))*24*$T41) -> 0 | AF41: =IF($A41="","",IF($J41<>"","Situação atípica",IF(AND($AL41="Leve atraso",$W41>0),"Leve atraso",IFERROR(INDEX(S_Cat,MATCH($C41,S_Status,0)),"Outros")))) -> Injustificada | AG41: =IF($A41="","",TRIM(IF($Z41>0,"Ferista cobriu "&TEXT($Z41,"[h]:mm")&"h. ","")&IF($AA41>0,"Compensado "&TEXT($AA41,"[h]:mm")&"h por "&IFERROR(INDEX(CP_Quem,MATCH($AP41,CP_ChaveFalta,0)),"?")&". ","")&IF($AU41>0,"Compensação aguardando aprovação ("&TEXT($AU41,"[h]:mm")&"h). ","")&IF($AB41>0,"Perdoado por acordo "&TEXT($AB41,"[h]:mm")&"h. ","")&IF(AND($AP41<>"",COUNTIF(CP_ChaveQuem,$AP41)>0),"Horas usadas p/ compensar falta de "&INDEX(CP_Falta,MATCH($AP41,CP_ChaveQuem,0))&" de "&TEXT(INDEX(CP_DataFalta,MATCH($AP41,CP_ChaveQuem,0)),"dd/mm")&". ","")&IF(AND($Q41="Ferista",SUMIFS(L_Ferista,L_Data,$A41,L_Equipe,$P41)>0),"Como ferista, cobriu "&TEXT(SUMIFS(L_Ferista,L_Data,$A41,L_Equipe,$P41),"[h]:mm")&"h de faltas da equipe. ","")&IF($AC41>0,"DESCONTA "&TEXT($AC41,"[h]:mm")&"h ("&$AF41&").",""))) -> DESCONTA 9:00h (Injustificada). | AH41: =IF($A41="","",IF($O41="?","CADASTRO: funcionário não está no Cadastro",IF(AND($O41<>"",$AJ41=""),"CADASTRO: sem vigência (função/turno) nesta data",IF(AND($AP41<>"",COUNTIF(L_ChavePD,$AP41)>1),"DUPLICADO: mesma pessoa 2x no dia",IF($A41<P_InicioRegras,"",IF(AND($C41="Horas Compensadas",COUNTIF(CP_ChaveQuem,$AP41)=0),"VINCULAR: registrar na aba Compensações de quem é a falta",IF($AU41>0,"APROVAR: compensação pendente na aba Compensações",IF(AND($AQ41<>"",$AS41>0,$AT41<$W41,$AC41>0),"FERISTA: horas do ferista não cobriram toda a falta",IF(AND($AL41="Pelo ponto",$AK41="",$E41="",$X41="Sim"),"PONTO: sem ponto nem horas manuais — descontando jornada cheia",IF(AND($AL41="Leve atraso",$E41="",N($AO41)>P_LeveMax),"CLASSIFICAR: ponto mostra atraso > 30 min — trocar o Status",IF($AF41="Leve atraso","AJUSTAR STATUS: atraso lançado como Horas Trabalhadas",IF(AND(N($K41)>0,$G41=""),"OBSERVAÇÃO: desconto extra sem observação",IF(AND($J41<>"",N($K41)+N($L41)>$U41),"CONFERIR: horas manuais maiores que a jornada",""))))))))))))) | AJ41: =IF(OR($A41="",$O41="",$O41="?"),"",IFERROR(MATCH($O41&"|"&SUMPRODUCT(MAX((V_RG=$O41)*(V_Ini<=$A41)*V_Ini)),V_Chave,0),"")) | AK41: =IF(ISNUMBER(SEARCH(" = ",$D41)),IFERROR(TIMEVALUE(TRIM(RIGHT($D41,5))),""),"") | AL41: =IF($C41="","",IFERROR(INDEX(S_Modo,MATCH($C41,S_Status,0)),"Não")) -> Dia inteiro | AM41: =IF($C41="","",IFERROR(INDEX(S_Conta,MATCH($C41,S_Status,0)),"Não")) -> Sim | AN41: =IF($C41="","",IFERROR(INDEX(S_Trab,MATCH($C41,S_Status,0)),"Não")) -> Não | AO41: =IF(OR($A41="",$AK41=""),"",$U41-$AK41-IF($J41<>"Situação Atípica - Presente",N($K41)+N($L41),0)) | AP41: =IF(OR($A41="",TRIM($B41)=""),"",TRIM($B41)&"|"&$A41) | AQ41: =IF(AND(P_CoberturaAuto="Sim",$A41<>"",$A41>=P_InicioRegras,$Q41="Normal / Fixo",$R41<>"",ISERROR(SEARCH("ENCARREGADO",$R41)),$AM41="Sim",$W41>0),$A41&"|"&$P41,"") | AR41: =IF($AQ41="","",COUNTIFS(L_ChaveCob,$AQ41,L_Ausencia,">"&$W41)+COUNTIFS($AQ$4:$AQ41,$AQ41,$W$4:$W41,$W41)) | AS41: =IF($AQ41="",0,SUMIFS(L_Trab,L_Data,$A41,L_Equipe,$P41,L_Contrato,"Ferista",L_Status,"<>Remanejamento")) -> 0 | AT41: =IF(OR($AQ41="",$AS41=0),0,MAX(MIN($W41,$AS41-SUMIFS(L_Ausencia,L_ChaveCob,$AQ41,L_OrdemCob,"<"&$AR41)),0)) -> 0 | AU41: =IF($AP41="",0,SUMIFS(CP_Horas,CP_ChaveFalta,$AP41,CP_Aprov,"<>Sim")) -> 0
A42: 46083 | C42: Ausências S/ Justificativa | H42: SERRALHEIRO I | N42: =IF($A42="","",DATE(YEAR($A42),MONTH($A42),1)) -> 46082 | O42: =IF(TRIM($B42)="","",IFERROR(INDEX(C_RG,MATCH(TRIM($B42),C_Nome,0)),"?")) | P42: =IF($A42="","",IF(TRIM($B42)="",P_EquipePostoVago,IF($AJ42="","",INDEX(V_Equipe,$AJ42)))) -> Serralheria | Q42: =IF($A42="","",IF(TRIM($B42)="","Posto Vago",IF($AJ42="","",INDEX(V_Contrato,$AJ42)))) -> Posto Vago | R42: =IF($A42="","",IF(TRIM($B42)="",$H42,IF($AJ42="","",INDEX(V_Funcao,$AJ42)))) -> SERRALHEIRO I | S42: =IF($A42="","",IF($I42<>"",$I42,IF(TRIM($B42)="","ADM",IF($AJ42="","",INDEX(V_Turno,$AJ42))))) -> ADM | T42: =IF(OR($A42="",$R42=""),"",IFERROR(INDEX(F_Valor,MATCH($R42&"|"&SUMPRODUCT(MAX((F_Funcao=$R42)*(F_Ini<=$A42)*F_Ini)),F_Chave,0)),"")) -> 49.098892 | U42: =IF(OR($A42="",$S42=""),0,IFERROR(INDEX(T_Horas,MATCH($S42,T_Turno,0),WEEKDAY($A42,2)),0)) -> 0.375 | V42: =IF($A42="",0,MAX(IF($F42<>"",N($F42),IF($AN42="Sim",IF($AK42<>"",$AK42,$U42),$U42-$W42))-IF($J42="Situação Atípica - Presente",N($K42),0),0)) -> 0 | W42: =IF($A42="",0,IF($E42<>"",N($E42),IF($AL42="Dia inteiro",$U42,IF($AL42="Pelo ponto",IF($AK42="",$U42,MAX($U42-$AK42,0)),IF(AND($AL42="Leve atraso",$AO42<>""),IF(AND($AO42>P_LeveMin,$AO42<=P_LeveMax),$AO42,0),0))))) -> 0.375 | X42: =IF($A42="","",IF(OR($Q42="Ferista",$Q42=""),"Não",IF(AND($AL42="Leve atraso",$W42>0,$A42>=P_InicioRegras),"Sim",IF(OR($J42<>"",$K42<>"",$L42<>""),"Não",$AM42)))) -> Sim | Y42: =IF($A42="",0,IF($Q42="Ferista",0,IF($X42="Sim",$W42,0)+N($K42))) -> 0.375 | Z42: =IF($X42="Sim",$AT42,0) -> 0 | AA42: =IF($AP42="",0,MIN(MAX($Y42-$Z42,0),SUMIFS(CP_Horas,CP_ChaveFalta,$AP42,CP_Aprov,"Sim"))) -> 0 | AB42: =IF($A42="",0,MIN(MAX($Y42-$Z42-$AA42,0),N($M42))) -> 0 | AC42: =IF($A42="",0,MAX($Y42-$Z42-$AA42-$AB42,0)) -> 0.375 | AD42: =IF(OR($AC42=0,$T42=""),0,$AC42*24*$T42) -> 441.89003 | AE42: =IF(OR($A42="",$T42=""),0,(IF($AF42="Justificada",$W42,0)+N($L42))*24*$T42) -> 0 | AF42: =IF($A42="","",IF($J42<>"","Situação atípica",IF(AND($AL42="Leve atraso",$W42>0),"Leve atraso",IFERROR(INDEX(S_Cat,MATCH($C42,S_Status,0)),"Outros")))) -> Injustificada | AG42: =IF($A42="","",TRIM(IF($Z42>0,"Ferista cobriu "&TEXT($Z42,"[h]:mm")&"h. ","")&IF($AA42>0,"Compensado "&TEXT($AA42,"[h]:mm")&"h por "&IFERROR(INDEX(CP_Quem,MATCH($AP42,CP_ChaveFalta,0)),"?")&". ","")&IF($AU42>0,"Compensação aguardando aprovação ("&TEXT($AU42,"[h]:mm")&"h). ","")&IF($AB42>0,"Perdoado por acordo "&TEXT($AB42,"[h]:mm")&"h. ","")&IF(AND($AP42<>"",COUNTIF(CP_ChaveQuem,$AP42)>0),"Horas usadas p/ compensar falta de "&INDEX(CP_Falta,MATCH($AP42,CP_ChaveQuem,0))&" de "&TEXT(INDEX(CP_DataFalta,MATCH($AP42,CP_ChaveQuem,0)),"dd/mm")&". ","")&IF(AND($Q42="Ferista",SUMIFS(L_Ferista,L_Data,$A42,L_Equipe,$P42)>0),"Como ferista, cobriu "&TEXT(SUMIFS(L_Ferista,L_Data,$A42,L_Equipe,$P42),"[h]:mm")&"h de faltas da equipe. ","")&IF($AC42>0,"DESCONTA "&TEXT($AC42,"[h]:mm")&"h ("&$AF42&").",""))) -> DESCONTA 9:00h (Injustificada). | AH42: =IF($A42="","",IF($O42="?","CADASTRO: funcionário não está no Cadastro",IF(AND($O42<>"",$AJ42=""),"CADASTRO: sem vigência (função/turno) nesta data",IF(AND($AP42<>"",COUNTIF(L_ChavePD,$AP42)>1),"DUPLICADO: mesma pessoa 2x no dia",IF($A42<P_InicioRegras,"",IF(AND($C42="Horas Compensadas",COUNTIF(CP_ChaveQuem,$AP42)=0),"VINCULAR: registrar na aba Compensações de quem é a falta",IF($AU42>0,"APROVAR: compensação pendente na aba Compensações",IF(AND($AQ42<>"",$AS42>0,$AT42<$W42,$AC42>0),"FERISTA: horas do ferista não cobriram toda a falta",IF(AND($AL42="Pelo ponto",$AK42="",$E42="",$X42="Sim"),"PONTO: sem ponto nem horas manuais — descontando jornada cheia",IF(AND($AL42="Leve atraso",$E42="",N($AO42)>P_LeveMax),"CLASSIFICAR: ponto mostra atraso > 30 min — trocar o Status",IF($AF42="Leve atraso","AJUSTAR STATUS: atraso lançado como Horas Trabalhadas",IF(AND(N($K42)>0,$G42=""),"OBSERVAÇÃO: desconto extra sem observação",IF(AND($J42<>"",N($K42)+N($L42)>$U42),"CONFERIR: horas manuais maiores que a jornada",""))))))))))))) | AJ42: =IF(OR($A42="",$O42="",$O42="?"),"",IFERROR(MATCH($O42&"|"&SUMPRODUCT(MAX((V_RG=$O42)*(V_Ini<=$A42)*V_Ini)),V_Chave,0),"")) | AK42: =IF(ISNUMBER(SEARCH(" = ",$D42)),IFERROR(TIMEVALUE(TRIM(RIGHT($D42,5))),""),"") | AL42: =IF($C42="","",IFERROR(INDEX(S_Modo,MATCH($C42,S_Status,0)),"Não")) -> Dia inteiro | AM42: =IF($C42="","",IFERROR(INDEX(S_Conta,MATCH($C42,S_Status,0)),"Não")) -> Sim | AN42: =IF($C42="","",IFERROR(INDEX(S_Trab,MATCH($C42,S_Status,0)),"Não")) -> Não | AO42: =IF(OR($A42="",$AK42=""),"",$U42-$AK42-IF($J42<>"Situação Atípica - Presente",N($K42)+N($L42),0)) | AP42: =IF(OR($A42="",TRIM($B42)=""),"",TRIM($B42)&"|"&$A42) | AQ42: =IF(AND(P_CoberturaAuto="Sim",$A42<>"",$A42>=P_InicioRegras,$Q42="Normal / Fixo",$R42<>"",ISERROR(SEARCH("ENCARREGADO",$R42)),$AM42="Sim",$W42>0),$A42&"|"&$P42,"") | AR42: =IF($AQ42="","",COUNTIFS(L_ChaveCob,$AQ42,L_Ausencia,">"&$W42)+COUNTIFS($AQ$4:$AQ42,$AQ42,$W$4:$W42,$W42)) | AS42: =IF($AQ42="",0,SUMIFS(L_Trab,L_Data,$A42,L_Equipe,$P42,L_Contrato,"Ferista",L_Status,"<>Remanejamento")) -> 0 | AT42: =IF(OR($AQ42="",$AS42=0),0,MAX(MIN($W42,$AS42-SUMIFS(L_Ausencia,L_ChaveCob,$AQ42,L_OrdemCob,"<"&$AR42)),0)) -> 0 | AU42: =IF($AP42="",0,SUMIFS(CP_Horas,CP_ChaveFalta,$AP42,CP_Aprov,"<>Sim")) -> 0
A43: 46084 | C43: Ausências S/ Justificativa | H43: SERRALHEIRO I | N43: =IF($A43="","",DATE(YEAR($A43),MONTH($A43),1)) -> 46082 | O43: =IF(TRIM($B43)="","",IFERROR(INDEX(C_RG,MATCH(TRIM($B43),C_Nome,0)),"?")) | P43: =IF($A43="","",IF(TRIM($B43)="",P_EquipePostoVago,IF($AJ43="","",INDEX(V_Equipe,$AJ43)))) -> Serralheria | Q43: =IF($A43="","",IF(TRIM($B43)="","Posto Vago",IF($AJ43="","",INDEX(V_Contrato,$AJ43)))) -> Posto Vago | R43: =IF($A43="","",IF(TRIM($B43)="",$H43,IF($AJ43="","",INDEX(V_Funcao,$AJ43)))) -> SERRALHEIRO I | S43: =IF($A43="","",IF($I43<>"",$I43,IF(TRIM($B43)="","ADM",IF($AJ43="","",INDEX(V_Turno,$AJ43))))) -> ADM | T43: =IF(OR($A43="",$R43=""),"",IFERROR(INDEX(F_Valor,MATCH($R43&"|"&SUMPRODUCT(MAX((F_Funcao=$R43)*(F_Ini<=$A43)*F_Ini)),F_Chave,0)),"")) -> 49.098892 | U43: =IF(OR($A43="",$S43=""),0,IFERROR(INDEX(T_Horas,MATCH($S43,T_Turno,0),WEEKDAY($A43,2)),0)) -> 0.375 | V43: =IF($A43="",0,MAX(IF($F43<>"",N($F43),IF($AN43="Sim",IF($AK43<>"",$AK43,$U43),$U43-$W43))-IF($J43="Situação Atípica - Presente",N($K43),0),0)) -> 0 | W43: =IF($A43="",0,IF($E43<>"",N($E43),IF($AL43="Dia inteiro",$U43,IF($AL43="Pelo ponto",IF($AK43="",$U43,MAX($U43-$AK43,0)),IF(AND($AL43="Leve atraso",$AO43<>""),IF(AND($AO43>P_LeveMin,$AO43<=P_LeveMax),$AO43,0),0))))) -> 0.375 | X43: =IF($A43="","",IF(OR($Q43="Ferista",$Q43=""),"Não",IF(AND($AL43="Leve atraso",$W43>0,$A43>=P_InicioRegras),"Sim",IF(OR($J43<>"",$K43<>"",$L43<>""),"Não",$AM43)))) -> Sim | Y43: =IF($A43="",0,IF($Q43="Ferista",0,IF($X43="Sim",$W43,0)+N($K43))) -> 0.375 | Z43: =IF($X43="Sim",$AT43,0) -> 0 | AA43: =IF($AP43="",0,MIN(MAX($Y43-$Z43,0),SUMIFS(CP_Horas,CP_ChaveFalta,$AP43,CP_Aprov,"Sim"))) -> 0 | AB43: =IF($A43="",0,MIN(MAX($Y43-$Z43-$AA43,0),N($M43))) -> 0 | AC43: =IF($A43="",0,MAX($Y43-$Z43-$AA43-$AB43,0)) -> 0.375 | AD43: =IF(OR($AC43=0,$T43=""),0,$AC43*24*$T43) -> 441.89003 | AE43: =IF(OR($A43="",$T43=""),0,(IF($AF43="Justificada",$W43,0)+N($L43))*24*$T43) -> 0 | AF43: =IF($A43="","",IF($J43<>"","Situação atípica",IF(AND($AL43="Leve atraso",$W43>0),"Leve atraso",IFERROR(INDEX(S_Cat,MATCH($C43,S_Status,0)),"Outros")))) -> Injustificada | AG43: =IF($A43="","",TRIM(IF($Z43>0,"Ferista cobriu "&TEXT($Z43,"[h]:mm")&"h. ","")&IF($AA43>0,"Compensado "&TEXT($AA43,"[h]:mm")&"h por "&IFERROR(INDEX(CP_Quem,MATCH($AP43,CP_ChaveFalta,0)),"?")&". ","")&IF($AU43>0,"Compensação aguardando aprovação ("&TEXT($AU43,"[h]:mm")&"h). ","")&IF($AB43>0,"Perdoado por acordo "&TEXT($AB43,"[h]:mm")&"h. ","")&IF(AND($AP43<>"",COUNTIF(CP_ChaveQuem,$AP43)>0),"Horas usadas p/ compensar falta de "&INDEX(CP_Falta,MATCH($AP43,CP_ChaveQuem,0))&" de "&TEXT(INDEX(CP_DataFalta,MATCH($AP43,CP_ChaveQuem,0)),"dd/mm")&". ","")&IF(AND($Q43="Ferista",SUMIFS(L_Ferista,L_Data,$A43,L_Equipe,$P43)>0),"Como ferista, cobriu "&TEXT(SUMIFS(L_Ferista,L_Data,$A43,L_Equipe,$P43),"[h]:mm")&"h de faltas da equipe. ","")&IF($AC43>0,"DESCONTA "&TEXT($AC43,"[h]:mm")&"h ("&$AF43&").",""))) -> DESCONTA 9:00h (Injustificada). | AH43: =IF($A43="","",IF($O43="?","CADASTRO: funcionário não está no Cadastro",IF(AND($O43<>"",$AJ43=""),"CADASTRO: sem vigência (função/turno) nesta data",IF(AND($AP43<>"",COUNTIF(L_ChavePD,$AP43)>1),"DUPLICADO: mesma pessoa 2x no dia",IF($A43<P_InicioRegras,"",IF(AND($C43="Horas Compensadas",COUNTIF(CP_ChaveQuem,$AP43)=0),"VINCULAR: registrar na aba Compensações de quem é a falta",IF($AU43>0,"APROVAR: compensação pendente na aba Compensações",IF(AND($AQ43<>"",$AS43>0,$AT43<$W43,$AC43>0),"FERISTA: horas do ferista não cobriram toda a falta",IF(AND($AL43="Pelo ponto",$AK43="",$E43="",$X43="Sim"),"PONTO: sem ponto nem horas manuais — descontando jornada cheia",IF(AND($AL43="Leve atraso",$E43="",N($AO43)>P_LeveMax),"CLASSIFICAR: ponto mostra atraso > 30 min — trocar o Status",IF($AF43="Leve atraso","AJUSTAR STATUS: atraso lançado como Horas Trabalhadas",IF(AND(N($K43)>0,$G43=""),"OBSERVAÇÃO: desconto extra sem observação",IF(AND($J43<>"",N($K43)+N($L43)>$U43),"CONFERIR: horas manuais maiores que a jornada",""))))))))))))) | AJ43: =IF(OR($A43="",$O43="",$O43="?"),"",IFERROR(MATCH($O43&"|"&SUMPRODUCT(MAX((V_RG=$O43)*(V_Ini<=$A43)*V_Ini)),V_Chave,0),"")) | AK43: =IF(ISNUMBER(SEARCH(" = ",$D43)),IFERROR(TIMEVALUE(TRIM(RIGHT($D43,5))),""),"") | AL43: =IF($C43="","",IFERROR(INDEX(S_Modo,MATCH($C43,S_Status,0)),"Não")) -> Dia inteiro | AM43: =IF($C43="","",IFERROR(INDEX(S_Conta,MATCH($C43,S_Status,0)),"Não")) -> Sim | AN43: =IF($C43="","",IFERROR(INDEX(S_Trab,MATCH($C43,S_Status,0)),"Não")) -> Não | AO43: =IF(OR($A43="",$AK43=""),"",$U43-$AK43-IF($J43<>"Situação Atípica - Presente",N($K43)+N($L43),0)) | AP43: =IF(OR($A43="",TRIM($B43)=""),"",TRIM($B43)&"|"&$A43) | AQ43: =IF(AND(P_CoberturaAuto="Sim",$A43<>"",$A43>=P_InicioRegras,$Q43="Normal / Fixo",$R43<>"",ISERROR(SEARCH("ENCARREGADO",$R43)),$AM43="Sim",$W43>0),$A43&"|"&$P43,"") | AR43: =IF($AQ43="","",COUNTIFS(L_ChaveCob,$AQ43,L_Ausencia,">"&$W43)+COUNTIFS($AQ$4:$AQ43,$AQ43,$W$4:$W43,$W43)) | AS43: =IF($AQ43="",0,SUMIFS(L_Trab,L_Data,$A43,L_Equipe,$P43,L_Contrato,"Ferista",L_Status,"<>Remanejamento")) -> 0 | AT43: =IF(OR($AQ43="",$AS43=0),0,MAX(MIN($W43,$AS43-SUMIFS(L_Ausencia,L_ChaveCob,$AQ43,L_OrdemCob,"<"&$AR43)),0)) -> 0 | AU43: =IF($AP43="",0,SUMIFS(CP_Horas,CP_ChaveFalta,$AP43,CP_Aprov,"<>Sim")) -> 0
A44: 46084 | C44: Ausências Devido Falta de Contratação | H44: SERRALHEIRO I | N44: =IF($A44="","",DATE(YEAR($A44),MONTH($A44),1)) -> 46082 | O44: =IF(TRIM($B44)="","",IFERROR(INDEX(C_RG,MATCH(TRIM($B44),C_Nome,0)),"?")) | P44: =IF($A44="","",IF(TRIM($B44)="",P_EquipePostoVago,IF($AJ44="","",INDEX(V_Equipe,$AJ44)))) -> Serralheria | Q44: =IF($A44="","",IF(TRIM($B44)="","Posto Vago",IF($AJ44="","",INDEX(V_Contrato,$AJ44)))) -> Posto Vago | R44: =IF($A44="","",IF(TRIM($B44)="",$H44,IF($AJ44="","",INDEX(V_Funcao,$AJ44)))) -> SERRALHEIRO I | S44: =IF($A44="","",IF($I44<>"",$I44,IF(TRIM($B44)="","ADM",IF($AJ44="","",INDEX(V_Turno,$AJ44))))) -> ADM | T44: =IF(OR($A44="",$R44=""),"",IFERROR(INDEX(F_Valor,MATCH($R44&"|"&SUMPRODUCT(MAX((F_Funcao=$R44)*(F_Ini<=$A44)*F_Ini)),F_Chave,0)),"")) -> 49.098892 | U44: =IF(OR($A44="",$S44=""),0,IFERROR(INDEX(T_Horas,MATCH($S44,T_Turno,0),WEEKDAY($A44,2)),0)) -> 0.375 | V44: =IF($A44="",0,MAX(IF($F44<>"",N($F44),IF($AN44="Sim",IF($AK44<>"",$AK44,$U44),$U44-$W44))-IF($J44="Situação Atípica - Presente",N($K44),0),0)) -> 0 | W44: =IF($A44="",0,IF($E44<>"",N($E44),IF($AL44="Dia inteiro",$U44,IF($AL44="Pelo ponto",IF($AK44="",$U44,MAX($U44-$AK44,0)),IF(AND($AL44="Leve atraso",$AO44<>""),IF(AND($AO44>P_LeveMin,$AO44<=P_LeveMax),$AO44,0),0))))) -> 0.375 | X44: =IF($A44="","",IF(OR($Q44="Ferista",$Q44=""),"Não",IF(AND($AL44="Leve atraso",$W44>0,$A44>=P_InicioRegras),"Sim",IF(OR($J44<>"",$K44<>"",$L44<>""),"Não",$AM44)))) -> Sim | Y44: =IF($A44="",0,IF($Q44="Ferista",0,IF($X44="Sim",$W44,0)+N($K44))) -> 0.375 | Z44: =IF($X44="Sim",$AT44,0) -> 0 | AA44: =IF($AP44="",0,MIN(MAX($Y44-$Z44,0),SUMIFS(CP_Horas,CP_ChaveFalta,$AP44,CP_Aprov,"Sim"))) -> 0 | AB44: =IF($A44="",0,MIN(MAX($Y44-$Z44-$AA44,0),N($M44))) -> 0 | AC44: =IF($A44="",0,MAX($Y44-$Z44-$AA44-$AB44,0)) -> 0.375 | AD44: =IF(OR($AC44=0,$T44=""),0,$AC44*24*$T44) -> 441.89003 | AE44: =IF(OR($A44="",$T44=""),0,(IF($AF44="Justificada",$W44,0)+N($L44))*24*$T44) -> 0 | AF44: =IF($A44="","",IF($J44<>"","Situação atípica",IF(AND($AL44="Leve atraso",$W44>0),"Leve atraso",IFERROR(INDEX(S_Cat,MATCH($C44,S_Status,0)),"Outros")))) -> Falta de Contratação | AG44: =IF($A44="","",TRIM(IF($Z44>0,"Ferista cobriu "&TEXT($Z44,"[h]:mm")&"h. ","")&IF($AA44>0,"Compensado "&TEXT($AA44,"[h]:mm")&"h por "&IFERROR(INDEX(CP_Quem,MATCH($AP44,CP_ChaveFalta,0)),"?")&". ","")&IF($AU44>0,"Compensação aguardando aprovação ("&TEXT($AU44,"[h]:mm")&"h). ","")&IF($AB44>0,"Perdoado por acordo "&TEXT($AB44,"[h]:mm")&"h. ","")&IF(AND($AP44<>"",COUNTIF(CP_ChaveQuem,$AP44)>0),"Horas usadas p/ compensar falta de "&INDEX(CP_Falta,MATCH($AP44,CP_ChaveQuem,0))&" de "&TEXT(INDEX(CP_DataFalta,MATCH($AP44,CP_ChaveQuem,0)),"dd/mm")&". ","")&IF(AND($Q44="Ferista",SUMIFS(L_Ferista,L_Data,$A44,L_Equipe,$P44)>0),"Como ferista, cobriu "&TEXT(SUMIFS(L_Ferista,L_Data,$A44,L_Equipe,$P44),"[h]:mm")&"h de faltas da equipe. ","")&IF($AC44>0,"DESCONTA "&TEXT($AC44,"[h]:mm")&"h ("&$AF44&").",""))) -> DESCONTA 9:00h (Falta de Contratação). | AH44: =IF($A44="","",IF($O44="?","CADASTRO: funcionário não está no Cadastro",IF(AND($O44<>"",$AJ44=""),"CADASTRO: sem vigência (função/turno) nesta data",IF(AND($AP44<>"",COUNTIF(L_ChavePD,$AP44)>1),"DUPLICADO: mesma pessoa 2x no dia",IF($A44<P_InicioRegras,"",IF(AND($C44="Horas Compensadas",COUNTIF(CP_ChaveQuem,$AP44)=0),"VINCULAR: registrar na aba Compensações de quem é a falta",IF($AU44>0,"APROVAR: compensação pendente na aba Compensações",IF(AND($AQ44<>"",$AS44>0,$AT44<$W44,$AC44>0),"FERISTA: horas do ferista não cobriram toda a falta",IF(AND($AL44="Pelo ponto",$AK44="",$E44="",$X44="Sim"),"PONTO: sem ponto nem horas manuais — descontando jornada cheia",IF(AND($AL44="Leve atraso",$E44="",N($AO44)>P_LeveMax),"CLASSIFICAR: ponto mostra atraso > 30 min — trocar o Status",IF($AF44="Leve atraso","AJUSTAR STATUS: atraso lançado como Horas Trabalhadas",IF(AND(N($K44)>0,$G44=""),"OBSERVAÇÃO: desconto extra sem observação",IF(AND($J44<>"",N($K44)+N($L44)>$U44),"CONFERIR: horas manuais maiores que a jornada",""))))))))))))) | AJ44: =IF(OR($A44="",$O44="",$O44="?"),"",IFERROR(MATCH($O44&"|"&SUMPRODUCT(MAX((V_RG=$O44)*(V_Ini<=$A44)*V_Ini)),V_Chave,0),"")) | AK44: =IF(ISNUMBER(SEARCH(" = ",$D44)),IFERROR(TIMEVALUE(TRIM(RIGHT($D44,5))),""),"") | AL44: =IF($C44="","",IFERROR(INDEX(S_Modo,MATCH($C44,S_Status,0)),"Não")) -> Dia inteiro | AM44: =IF($C44="","",IFERROR(INDEX(S_Conta,MATCH($C44,S_Status,0)),"Não")) -> Sim | AN44: =IF($C44="","",IFERROR(INDEX(S_Trab,MATCH($C44,S_Status,0)),"Não")) -> Não | AO44: =IF(OR($A44="",$AK44=""),"",$U44-$AK44-IF($J44<>"Situação Atípica - Presente",N($K44)+N($L44),0)) | AP44: =IF(OR($A44="",TRIM($B44)=""),"",TRIM($B44)&"|"&$A44) | AQ44: =IF(AND(P_CoberturaAuto="Sim",$A44<>"",$A44>=P_InicioRegras,$Q44="Normal / Fixo",$R44<>"",ISERROR(SEARCH("ENCARREGADO",$R44)),$AM44="Sim",$W44>0),$A44&"|"&$P44,"") | AR44: =IF($AQ44="","",COUNTIFS(L_ChaveCob,$AQ44,L_Ausencia,">"&$W44)+COUNTIFS($AQ$4:$AQ44,$AQ44,$W$4:$W44,$W44)) | AS44: =IF($AQ44="",0,SUMIFS(L_Trab,L_Data,$A44,L_Equipe,$P44,L_Contrato,"Ferista",L_Status,"<>Remanejamento")) -> 0 | AT44: =IF(OR($AQ44="",$AS44=0),0,MAX(MIN($W44,$AS44-SUMIFS(L_Ausencia,L_ChaveCob,$AQ44,L_OrdemCob,"<"&$AR44)),0)) -> 0 | AU44: =IF($AP44="",0,SUMIFS(CP_Horas,CP_ChaveFalta,$AP44,CP_Aprov,"<>Sim")) -> 0
A45: 46084 | C45: Ausências S/ Justificativa | H45: SERRALHEIRO I | N45: =IF($A45="","",DATE(YEAR($A45),MONTH($A45),1)) -> 46082 | O45: =IF(TRIM($B45)="","",IFERROR(INDEX(C_RG,MATCH(TRIM($B45),C_Nome,0)),"?")) | P45: =IF($A45="","",IF(TRIM($B45)="",P_EquipePostoVago,IF($AJ45="","",INDEX(V_Equipe,$AJ45)))) -> Serralheria | Q45: =IF($A45="","",IF(TRIM($B45)="","Posto Vago",IF($AJ45="","",INDEX(V_Contrato,$AJ45)))) -> Posto Vago | R45: =IF($A45="","",IF(TRIM($B45)="",$H45,IF($AJ45="","",INDEX(V_Funcao,$AJ45)))) -> SERRALHEIRO I | S45: =IF($A45="","",IF($I45<>"",$I45,IF(TRIM($B45)="","ADM",IF($AJ45="","",INDEX(V_Turno,$AJ45))))) -> ADM | T45: =IF(OR($A45="",$R45=""),"",IFERROR(INDEX(F_Valor,MATCH($R45&"|"&SUMPRODUCT(MAX((F_Funcao=$R45)*(F_Ini<=$A45)*F_Ini)),F_Chave,0)),"")) -> 49.098892 | U45: =IF(OR($A45="",$S45=""),0,IFERROR(INDEX(T_Horas,MATCH($S45,T_Turno,0),WEEKDAY($A45,2)),0)) -> 0.375 | V45: =IF($A45="",0,MAX(IF($F45<>"",N($F45),IF($AN45="Sim",IF($AK45<>"",$AK45,$U45),$U45-$W45))-IF($J45="Situação Atípica - Presente",N($K45),0),0)) -> 0 | W45: =IF($A45="",0,IF($E45<>"",N($E45),IF($AL45="Dia inteiro",$U45,IF($AL45="Pelo ponto",IF($AK45="",$U45,MAX($U45-$AK45,0)),IF(AND($AL45="Leve atraso",$AO45<>""),IF(AND($AO45>P_LeveMin,$AO45<=P_LeveMax),$AO45,0),0))))) -> 0.375 | X45: =IF($A45="","",IF(OR($Q45="Ferista",$Q45=""),"Não",IF(AND($AL45="Leve atraso",$W45>0,$A45>=P_InicioRegras),"Sim",IF(OR($J45<>"",$K45<>"",$L45<>""),"Não",$AM45)))) -> Sim | Y45: =IF($A45="",0,IF($Q45="Ferista",0,IF($X45="Sim",$W45,0)+N($K45))) -> 0.375 | Z45: =IF($X45="Sim",$AT45,0) -> 0 | AA45: =IF($AP45="",0,MIN(MAX($Y45-$Z45,0),SUMIFS(CP_Horas,CP_ChaveFalta,$AP45,CP_Aprov,"Sim"))) -> 0 | AB45: =IF($A45="",0,MIN(MAX($Y45-$Z45-$AA45,0),N($M45))) -> 0 | AC45: =IF($A45="",0,MAX($Y45-$Z45-$AA45-$AB45,0)) -> 0.375 | AD45: =IF(OR($AC45=0,$T45=""),0,$AC45*24*$T45) -> 441.89003 | AE45: =IF(OR($A45="",$T45=""),0,(IF($AF45="Justificada",$W45,0)+N($L45))*24*$T45) -> 0 | AF45: =IF($A45="","",IF($J45<>"","Situação atípica",IF(AND($AL45="Leve atraso",$W45>0),"Leve atraso",IFERROR(INDEX(S_Cat,MATCH($C45,S_Status,0)),"Outros")))) -> Injustificada | AG45: =IF($A45="","",TRIM(IF($Z45>0,"Ferista cobriu "&TEXT($Z45,"[h]:mm")&"h. ","")&IF($AA45>0,"Compensado "&TEXT($AA45,"[h]:mm")&"h por "&IFERROR(INDEX(CP_Quem,MATCH($AP45,CP_ChaveFalta,0)),"?")&". ","")&IF($AU45>0,"Compensação aguardando aprovação ("&TEXT($AU45,"[h]:mm")&"h). ","")&IF($AB45>0,"Perdoado por acordo "&TEXT($AB45,"[h]:mm")&"h. ","")&IF(AND($AP45<>"",COUNTIF(CP_ChaveQuem,$AP45)>0),"Horas usadas p/ compensar falta de "&INDEX(CP_Falta,MATCH($AP45,CP_ChaveQuem,0))&" de "&TEXT(INDEX(CP_DataFalta,MATCH($AP45,CP_ChaveQuem,0)),"dd/mm")&". ","")&IF(AND($Q45="Ferista",SUMIFS(L_Ferista,L_Data,$A45,L_Equipe,$P45)>0),"Como ferista, cobriu "&TEXT(SUMIFS(L_Ferista,L_Data,$A45,L_Equipe,$P45),"[h]:mm")&"h de faltas da equipe. ","")&IF($AC45>0,"DESCONTA "&TEXT($AC45,"[h]:mm")&"h ("&$AF45&").",""))) -> DESCONTA 9:00h (Injustificada). | AH45: =IF($A45="","",IF($O45="?","CADASTRO: funcionário não está no Cadastro",IF(AND($O45<>"",$AJ45=""),"CADASTRO: sem vigência (função/turno) nesta data",IF(AND($AP45<>"",COUNTIF(L_ChavePD,$AP45)>1),"DUPLICADO: mesma pessoa 2x no dia",IF($A45<P_InicioRegras,"",IF(AND($C45="Horas Compensadas",COUNTIF(CP_ChaveQuem,$AP45)=0),"VINCULAR: registrar na aba Compensações de quem é a falta",IF($AU45>0,"APROVAR: compensação pendente na aba Compensações",IF(AND($AQ45<>"",$AS45>0,$AT45<$W45,$AC45>0),"FERISTA: horas do ferista não cobriram toda a falta",IF(AND($AL45="Pelo ponto",$AK45="",$E45="",$X45="Sim"),"PONTO: sem ponto nem horas manuais — descontando jornada cheia",IF(AND($AL45="Leve atraso",$E45="",N($AO45)>P_LeveMax),"CLASSIFICAR: ponto mostra atraso > 30 min — trocar o Status",IF($AF45="Leve atraso","AJUSTAR STATUS: atraso lançado como Horas Trabalhadas",IF(AND(N($K45)>0,$G45=""),"OBSERVAÇÃO: desconto extra sem observação",IF(AND($J45<>"",N($K45)+N($L45)>$U45),"CONFERIR: horas manuais maiores que a jornada",""))))))))))))) | AJ45: =IF(OR($A45="",$O45="",$O45="?"),"",IFERROR(MATCH($O45&"|"&SUMPRODUCT(MAX((V_RG=$O45)*(V_Ini<=$A45)*V_Ini)),V_Chave,0),"")) | AK45: =IF(ISNUMBER(SEARCH(" = ",$D45)),IFERROR(TIMEVALUE(TRIM(RIGHT($D45,5))),""),"") | AL45: =IF($C45="","",IFERROR(INDEX(S_Modo,MATCH($C45,S_Status,0)),"Não")) -> Dia inteiro | AM45: =IF($C45="","",IFERROR(INDEX(S_Conta,MATCH($C45,S_Status,0)),"Não")) -> Sim | AN45: =IF($C45="","",IFERROR(INDEX(S_Trab,MATCH($C45,S_Status,0)),"Não")) -> Não | AO45: =IF(OR($A45="",$AK45=""),"",$U45-$AK45-IF($J45<>"Situação Atípica - Presente",N($K45)+N($L45),0)) | AP45: =IF(OR($A45="",TRIM($B45)=""),"",TRIM($B45)&"|"&$A45) | AQ45: =IF(AND(P_CoberturaAuto="Sim",$A45<>"",$A45>=P_InicioRegras,$Q45="Normal / Fixo",$R45<>"",ISERROR(SEARCH("ENCARREGADO",$R45)),$AM45="Sim",$W45>0),$A45&"|"&$P45,"") | AR45: =IF($AQ45="","",COUNTIFS(L_ChaveCob,$AQ45,L_Ausencia,">"&$W45)+COUNTIFS($AQ$4:$AQ45,$AQ45,$W$4:$W45,$W45)) | AS45: =IF($AQ45="",0,SUMIFS(L_Trab,L_Data,$A45,L_Equipe,$P45,L_Contrato,"Ferista",L_Status,"<>Remanejamento")) -> 0 | AT45: =IF(OR($AQ45="",$AS45=0),0,MAX(MIN($W45,$AS45-SUMIFS(L_Ausencia,L_ChaveCob,$AQ45,L_OrdemCob,"<"&$AR45)),0)) -> 0 | AU45: =IF($AP45="",0,SUMIFS(CP_Horas,CP_ChaveFalta,$AP45,CP_Aprov,"<>Sim")) -> 0
A46: 46085 | C46: Ausências S/ Justificativa | H46: SERRALHEIRO I | N46: =IF($A46="","",DATE(YEAR($A46),MONTH($A46),1)) -> 46082 | O46: =IF(TRIM($B46)="","",IFERROR(INDEX(C_RG,MATCH(TRIM($B46),C_Nome,0)),"?")) | P46: =IF($A46="","",IF(TRIM($B46)="",P_EquipePostoVago,IF($AJ46="","",INDEX(V_Equipe,$AJ46)))) -> Serralheria | Q46: =IF($A46="","",IF(TRIM($B46)="","Posto Vago",IF($AJ46="","",INDEX(V_Contrato,$AJ46)))) -> Posto Vago | R46: =IF($A46="","",IF(TRIM($B46)="",$H46,IF($AJ46="","",INDEX(V_Funcao,$AJ46)))) -> SERRALHEIRO I | S46: =IF($A46="","",IF($I46<>"",$I46,IF(TRIM($B46)="","ADM",IF($AJ46="","",INDEX(V_Turno,$AJ46))))) -> ADM | T46: =IF(OR($A46="",$R46=""),"",IFERROR(INDEX(F_Valor,MATCH($R46&"|"&SUMPRODUCT(MAX((F_Funcao=$R46)*(F_Ini<=$A46)*F_Ini)),F_Chave,0)),"")) -> 49.098892 | U46: =IF(OR($A46="",$S46=""),0,IFERROR(INDEX(T_Horas,MATCH($S46,T_Turno,0),WEEKDAY($A46,2)),0)) -> 0.375 | V46: =IF($A46="",0,MAX(IF($F46<>"",N($F46),IF($AN46="Sim",IF($AK46<>"",$AK46,$U46),$U46-$W46))-IF($J46="Situação Atípica - Presente",N($K46),0),0)) -> 0 | W46: =IF($A46="",0,IF($E46<>"",N($E46),IF($AL46="Dia inteiro",$U46,IF($AL46="Pelo ponto",IF($AK46="",$U46,MAX($U46-$AK46,0)),IF(AND($AL46="Leve atraso",$AO46<>""),IF(AND($AO46>P_LeveMin,$AO46<=P_LeveMax),$AO46,0),0))))) -> 0.375 | X46: =IF($A46="","",IF(OR($Q46="Ferista",$Q46=""),"Não",IF(AND($AL46="Leve atraso",$W46>0,$A46>=P_InicioRegras),"Sim",IF(OR($J46<>"",$K46<>"",$L46<>""),"Não",$AM46)))) -> Sim | Y46: =IF($A46="",0,IF($Q46="Ferista",0,IF($X46="Sim",$W46,0)+N($K46))) -> 0.375 | Z46: =IF($X46="Sim",$AT46,0) -> 0 | AA46: =IF($AP46="",0,MIN(MAX($Y46-$Z46,0),SUMIFS(CP_Horas,CP_ChaveFalta,$AP46,CP_Aprov,"Sim"))) -> 0 | AB46: =IF($A46="",0,MIN(MAX($Y46-$Z46-$AA46,0),N($M46))) -> 0 | AC46: =IF($A46="",0,MAX($Y46-$Z46-$AA46-$AB46,0)) -> 0.375 | AD46: =IF(OR($AC46=0,$T46=""),0,$AC46*24*$T46) -> 441.89003 | AE46: =IF(OR($A46="",$T46=""),0,(IF($AF46="Justificada",$W46,0)+N($L46))*24*$T46) -> 0 | AF46: =IF($A46="","",IF($J46<>"","Situação atípica",IF(AND($AL46="Leve atraso",$W46>0),"Leve atraso",IFERROR(INDEX(S_Cat,MATCH($C46,S_Status,0)),"Outros")))) -> Injustificada | AG46: =IF($A46="","",TRIM(IF($Z46>0,"Ferista cobriu "&TEXT($Z46,"[h]:mm")&"h. ","")&IF($AA46>0,"Compensado "&TEXT($AA46,"[h]:mm")&"h por "&IFERROR(INDEX(CP_Quem,MATCH($AP46,CP_ChaveFalta,0)),"?")&". ","")&IF($AU46>0,"Compensação aguardando aprovação ("&TEXT($AU46,"[h]:mm")&"h). ","")&IF($AB46>0,"Perdoado por acordo "&TEXT($AB46,"[h]:mm")&"h. ","")&IF(AND($AP46<>"",COUNTIF(CP_ChaveQuem,$AP46)>0),"Horas usadas p/ compensar falta de "&INDEX(CP_Falta,MATCH($AP46,CP_ChaveQuem,0))&" de "&TEXT(INDEX(CP_DataFalta,MATCH($AP46,CP_ChaveQuem,0)),"dd/mm")&". ","")&IF(AND($Q46="Ferista",SUMIFS(L_Ferista,L_Data,$A46,L_Equipe,$P46)>0),"Como ferista, cobriu "&TEXT(SUMIFS(L_Ferista,L_Data,$A46,L_Equipe,$P46),"[h]:mm")&"h de faltas da equipe. ","")&IF($AC46>0,"DESCONTA "&TEXT($AC46,"[h]:mm")&"h ("&$AF46&").",""))) -> DESCONTA 9:00h (Injustificada). | AH46: =IF($A46="","",IF($O46="?","CADASTRO: funcionário não está no Cadastro",IF(AND($O46<>"",$AJ46=""),"CADASTRO: sem vigência (função/turno) nesta data",IF(AND($AP46<>"",COUNTIF(L_ChavePD,$AP46)>1),"DUPLICADO: mesma pessoa 2x no dia",IF($A46<P_InicioRegras,"",IF(AND($C46="Horas Compensadas",COUNTIF(CP_ChaveQuem,$AP46)=0),"VINCULAR: registrar na aba Compensações de quem é a falta",IF($AU46>0,"APROVAR: compensação pendente na aba Compensações",IF(AND($AQ46<>"",$AS46>0,$AT46<$W46,$AC46>0),"FERISTA: horas do ferista não cobriram toda a falta",IF(AND($AL46="Pelo ponto",$AK46="",$E46="",$X46="Sim"),"PONTO: sem ponto nem horas manuais — descontando jornada cheia",IF(AND($AL46="Leve atraso",$E46="",N($AO46)>P_LeveMax),"CLASSIFICAR: ponto mostra atraso > 30 min — trocar o Status",IF($AF46="Leve atraso","AJUSTAR STATUS: atraso lançado como Horas Trabalhadas",IF(AND(N($K46)>0,$G46=""),"OBSERVAÇÃO: desconto extra sem observação",IF(AND($J46<>"",N($K46)+N($L46)>$U46),"CONFERIR: horas manuais maiores que a jornada",""))))))))))))) | AJ46: =IF(OR($A46="",$O46="",$O46="?"),"",IFERROR(MATCH($O46&"|"&SUMPRODUCT(MAX((V_RG=$O46)*(V_Ini<=$A46)*V_Ini)),V_Chave,0),"")) | AK46: =IF(ISNUMBER(SEARCH(" = ",$D46)),IFERROR(TIMEVALUE(TRIM(RIGHT($D46,5))),""),"") | AL46: =IF($C46="","",IFERROR(INDEX(S_Modo,MATCH($C46,S_Status,0)),"Não")) -> Dia inteiro | AM46: =IF($C46="","",IFERROR(INDEX(S_Conta,MATCH($C46,S_Status,0)),"Não")) -> Sim | AN46: =IF($C46="","",IFERROR(INDEX(S_Trab,MATCH($C46,S_Status,0)),"Não")) -> Não | AO46: =IF(OR($A46="",$AK46=""),"",$U46-$AK46-IF($J46<>"Situação Atípica - Presente",N($K46)+N($L46),0)) | AP46: =IF(OR($A46="",TRIM($B46)=""),"",TRIM($B46)&"|"&$A46) | AQ46: =IF(AND(P_CoberturaAuto="Sim",$A46<>"",$A46>=P_InicioRegras,$Q46="Normal / Fixo",$R46<>"",ISERROR(SEARCH("ENCARREGADO",$R46)),$AM46="Sim",$W46>0),$A46&"|"&$P46,"") | AR46: =IF($AQ46="","",COUNTIFS(L_ChaveCob,$AQ46,L_Ausencia,">"&$W46)+COUNTIFS($AQ$4:$AQ46,$AQ46,$W$4:$W46,$W46)) | AS46: =IF($AQ46="",0,SUMIFS(L_Trab,L_Data,$A46,L_Equipe,$P46,L_Contrato,"Ferista",L_Status,"<>Remanejamento")) -> 0 | AT46: =IF(OR($AQ46="",$AS46=0),0,MAX(MIN($W46,$AS46-SUMIFS(L_Ausencia,L_ChaveCob,$AQ46,L_OrdemCob,"<"&$AR46)),0)) -> 0 | AU46: =IF($AP46="",0,SUMIFS(CP_Horas,CP_ChaveFalta,$AP46,CP_Aprov,"<>Sim")) -> 0
A47: 46085 | C47: Entrada Atrasada ou Saída Antecipada S/ Justificativa | D47: PONTO 07:00 = 07:00 | H47: SERRALHEIRO II | N47: =IF($A47="","",DATE(YEAR($A47),MONTH($A47),1)) -> 46082 | O47: =IF(TRIM($B47)="","",IFERROR(INDEX(C_RG,MATCH(TRIM($B47),C_Nome,0)),"?")) | P47: =IF($A47="","",IF(TRIM($B47)="",P_EquipePostoVago,IF($AJ47="","",INDEX(V_Equipe,$AJ47)))) -> Serralheria | Q47: =IF($A47="","",IF(TRIM($B47)="","Posto Vago",IF($AJ47="","",INDEX(V_Contrato,$AJ47)))) -> Posto Vago | R47: =IF($A47="","",IF(TRIM($B47)="",$H47,IF($AJ47="","",INDEX(V_Funcao,$AJ47)))) -> SERRALHEIRO II | S47: =IF($A47="","",IF($I47<>"",$I47,IF(TRIM($B47)="","ADM",IF($AJ47="","",INDEX(V_Turno,$AJ47))))) -> ADM | T47: =IF(OR($A47="",$R47=""),"",IFERROR(INDEX(F_Valor,MATCH($R47&"|"&SUMPRODUCT(MAX((F_Funcao=$R47)*(F_Ini<=$A47)*F_Ini)),F_Chave,0)),"")) -> 53.080351 | U47: =IF(OR($A47="",$S47=""),0,IFERROR(INDEX(T_Horas,MATCH($S47,T_Turno,0),WEEKDAY($A47,2)),0)) -> 0.375 | V47: =IF($A47="",0,MAX(IF($F47<>"",N($F47),IF($AN47="Sim",IF($AK47<>"",$AK47,$U47),$U47-$W47))-IF($J47="Situação Atípica - Presente",N($K47),0),0)) -> 0.29166667 | W47: =IF($A47="",0,IF($E47<>"",N($E47),IF($AL47="Dia inteiro",$U47,IF($AL47="Pelo ponto",IF($AK47="",$U47,MAX($U47-$AK47,0)),IF(AND($AL47="Leve atraso",$AO47<>""),IF(AND($AO47>P_LeveMin,$AO47<=P_LeveMax),$AO47,0),0))))) -> 0.083333333 | X47: =IF($A47="","",IF(OR($Q47="Ferista",$Q47=""),"Não",IF(AND($AL47="Leve atraso",$W47>0,$A47>=P_InicioRegras),"Sim",IF(OR($J47<>"",$K47<>"",$L47<>""),"Não",$AM47)))) -> Sim | Y47: =IF($A47="",0,IF($Q47="Ferista",0,IF($X47="Sim",$W47,0)+N($K47))) -> 0.083333333 | Z47: =IF($X47="Sim",$AT47,0) -> 0 | AA47: =IF($AP47="",0,MIN(MAX($Y47-$Z47,0),SUMIFS(CP_Horas,CP_ChaveFalta,$AP47,CP_Aprov,"Sim"))) -> 0 | AB47: =IF($A47="",0,MIN(MAX($Y47-$Z47-$AA47,0),N($M47))) -> 0 | AC47: =IF($A47="",0,MAX($Y47-$Z47-$AA47-$AB47,0)) -> 0.083333333 | AD47: =IF(OR($AC47=0,$T47=""),0,$AC47*24*$T47) -> 106.1607 | AE47: =IF(OR($A47="",$T47=""),0,(IF($AF47="Justificada",$W47,0)+N($L47))*24*$T47) -> 0 | AF47: =IF($A47="","",IF($J47<>"","Situação atípica",IF(AND($AL47="Leve atraso",$W47>0),"Leve atraso",IFERROR(INDEX(S_Cat,MATCH($C47,S_Status,0)),"Outros")))) -> Injustificada | AG47: =IF($A47="","",TRIM(IF($Z47>0,"Ferista cobriu "&TEXT($Z47,"[h]:mm")&"h. ","")&IF($AA47>0,"Compensado "&TEXT($AA47,"[h]:mm")&"h por "&IFERROR(INDEX(CP_Quem,MATCH($AP47,CP_ChaveFalta,0)),"?")&". ","")&IF($AU47>0,"Compensação aguardando aprovação ("&TEXT($AU47,"[h]:mm")&"h). ","")&IF($AB47>0,"Perdoado por acordo "&TEXT($AB47,"[h]:mm")&"h. ","")&IF(AND($AP47<>"",COUNTIF(CP_ChaveQuem,$AP47)>0),"Horas usadas p/ compensar falta de "&INDEX(CP_Falta,MATCH($AP47,CP_ChaveQuem,0))&" de "&TEXT(INDEX(CP_DataFalta,MATCH($AP47,CP_ChaveQuem,0)),"dd/mm")&". ","")&IF(AND($Q47="Ferista",SUMIFS(L_Ferista,L_Data,$A47,L_Equipe,$P47)>0),"Como ferista, cobriu "&TEXT(SUMIFS(L_Ferista,L_Data,$A47,L_Equipe,$P47),"[h]:mm")&"h de faltas da equipe. ","")&IF($AC47>0,"DESCONTA "&TEXT($AC47,"[h]:mm")&"h ("&$AF47&").",""))) -> DESCONTA 2:00h (Injustificada). | AH47: =IF($A47="","",IF($O47="?","CADASTRO: funcionário não está no Cadastro",IF(AND($O47<>"",$AJ47=""),"CADASTRO: sem vigência (função/turno) nesta data",IF(AND($AP47<>"",COUNTIF(L_ChavePD,$AP47)>1),"DUPLICADO: mesma pessoa 2x no dia",IF($A47<P_InicioRegras,"",IF(AND($C47="Horas Compensadas",COUNTIF(CP_ChaveQuem,$AP47)=0),"VINCULAR: registrar na aba Compensações de quem é a falta",IF($AU47>0,"APROVAR: compensação pendente na aba Compensações",IF(AND($AQ47<>"",$AS47>0,$AT47<$W47,$AC47>0),"FERISTA: horas do ferista não cobriram toda a falta",IF(AND($AL47="Pelo ponto",$AK47="",$E47="",$X47="Sim"),"PONTO: sem ponto nem horas manuais — descontando jornada cheia",IF(AND($AL47="Leve atraso",$E47="",N($AO47)>P_LeveMax),"CLASSIFICAR: ponto mostra atraso > 30 min — trocar o Status",IF($AF47="Leve atraso","AJUSTAR STATUS: atraso lançado como Horas Trabalhadas",IF(AND(N($K47)>0,$G47=""),"OBSERVAÇÃO: desconto extra sem observação",IF(AND($J47<>"",N($K47)+N($L47)>$U47),"CONFERIR: horas manuais maiores que a jornada",""))))))))))))) | AJ47: =IF(OR($A47="",$O47="",$O47="?"),"",IFERROR(MATCH($O47&"|"&SUMPRODUCT(MAX((V_RG=$O47)*(V_Ini<=$A47)*V_Ini)),V_Chave,0),"")) | AK47: =IF(ISNUMBER(SEARCH(" = ",$D47)),IFERROR(TIMEVALUE(TRIM(RIGHT($D47,5))),""),"") -> 0.29166667 | AL47: =IF($C47="","",IFERROR(INDEX(S_Modo,MATCH($C47,S_Status,0)),"Não")) -> Pelo ponto | AM47: =IF($C47="","",IFERROR(INDEX(S_Conta,MATCH($C47,S_Status,0)),"Não")) -> Sim | AN47: =IF($C47="","",IFERROR(INDEX(S_Trab,MATCH($C47,S_Status,0)),"Não")) -> Não | AO47: =IF(OR($A47="",$AK47=""),"",$U47-$AK47-IF($J47<>"Situação Atípica - Presente",N($K47)+N($L47),0)) -> 0.083333333 | AP47: =IF(OR($A47="",TRIM($B47)=""),"",TRIM($B47)&"|"&$A47) | AQ47: =IF(AND(P_CoberturaAuto="Sim",$A47<>"",$A47>=P_InicioRegras,$Q47="Normal / Fixo",$R47<>"",ISERROR(SEARCH("ENCARREGADO",$R47)),$AM47="Sim",$W47>0),$A47&"|"&$P47,"") | AR47: =IF($AQ47="","",COUNTIFS(L_ChaveCob,$AQ47,L_Ausencia,">"&$W47)+COUNTIFS($AQ$4:$AQ47,$AQ47,$W$4:$W47,$W47)) | AS47: =IF($AQ47="",0,SUMIFS(L_Trab,L_Data,$A47,L_Equipe,$P47,L_Contrato,"Ferista",L_Status,"<>Remanejamento")) -> 0 | AT47: =IF(OR($AQ47="",$AS47=0),0,MAX(MIN($W47,$AS47-SUMIFS(L_Ausencia,L_ChaveCob,$AQ47,L_OrdemCob,"<"&$AR47)),0)) -> 0 | AU47: =IF($AP47="",0,SUMIFS(CP_Horas,CP_ChaveFalta,$AP47,CP_Aprov,"<>Sim")) -> 0
A48: 46086 | C48: Ausências S/ Justificativa | H48: SERRALHEIRO I | N48: =IF($A48="","",DATE(YEAR($A48),MONTH($A48),1)) -> 46082 | O48: =IF(TRIM($B48)="","",IFERROR(INDEX(C_RG,MATCH(TRIM($B48),C_Nome,0)),"?")) | P48: =IF($A48="","",IF(TRIM($B48)="",P_EquipePostoVago,IF($AJ48="","",INDEX(V_Equipe,$AJ48)))) -> Serralheria | Q48: =IF($A48="","",IF(TRIM($B48)="","Posto Vago",IF($AJ48="","",INDEX(V_Contrato,$AJ48)))) -> Posto Vago | R48: =IF($A48="","",IF(TRIM($B48)="",$H48,IF($AJ48="","",INDEX(V_Funcao,$AJ48)))) -> SERRALHEIRO I | S48: =IF($A48="","",IF($I48<>"",$I48,IF(TRIM($B48)="","ADM",IF($AJ48="","",INDEX(V_Turno,$AJ48))))) -> ADM | T48: =IF(OR($A48="",$R48=""),"",IFERROR(INDEX(F_Valor,MATCH($R48&"|"&SUMPRODUCT(MAX((F_Funcao=$R48)*(F_Ini<=$A48)*F_Ini)),F_Chave,0)),"")) -> 49.098892 | U48: =IF(OR($A48="",$S48=""),0,IFERROR(INDEX(T_Horas,MATCH($S48,T_Turno,0),WEEKDAY($A48,2)),0)) -> 0.375 | V48: =IF($A48="",0,MAX(IF($F48<>"",N($F48),IF($AN48="Sim",IF($AK48<>"",$AK48,$U48),$U48-$W48))-IF($J48="Situação Atípica - Presente",N($K48),0),0)) -> 0 | W48: =IF($A48="",0,IF($E48<>"",N($E48),IF($AL48="Dia inteiro",$U48,IF($AL48="Pelo ponto",IF($AK48="",$U48,MAX($U48-$AK48,0)),IF(AND($AL48="Leve atraso",$AO48<>""),IF(AND($AO48>P_LeveMin,$AO48<=P_LeveMax),$AO48,0),0))))) -> 0.375 | X48: =IF($A48="","",IF(OR($Q48="Ferista",$Q48=""),"Não",IF(AND($AL48="Leve atraso",$W48>0,$A48>=P_InicioRegras),"Sim",IF(OR($J48<>"",$K48<>"",$L48<>""),"Não",$AM48)))) -> Sim | Y48: =IF($A48="",0,IF($Q48="Ferista",0,IF($X48="Sim",$W48,0)+N($K48))) -> 0.375 | Z48: =IF($X48="Sim",$AT48,0) -> 0 | AA48: =IF($AP48="",0,MIN(MAX($Y48-$Z48,0),SUMIFS(CP_Horas,CP_ChaveFalta,$AP48,CP_Aprov,"Sim"))) -> 0 | AB48: =IF($A48="",0,MIN(MAX($Y48-$Z48-$AA48,0),N($M48))) -> 0 | AC48: =IF($A48="",0,MAX($Y48-$Z48-$AA48-$AB48,0)) -> 0.375 | AD48: =IF(OR($AC48=0,$T48=""),0,$AC48*24*$T48) -> 441.89003 | AE48: =IF(OR($A48="",$T48=""),0,(IF($AF48="Justificada",$W48,0)+N($L48))*24*$T48) -> 0 | AF48: =IF($A48="","",IF($J48<>"","Situação atípica",IF(AND($AL48="Leve atraso",$W48>0),"Leve atraso",IFERROR(INDEX(S_Cat,MATCH($C48,S_Status,0)),"Outros")))) -> Injustificada | AG48: =IF($A48="","",TRIM(IF($Z48>0,"Ferista cobriu "&TEXT($Z48,"[h]:mm")&"h. ","")&IF($AA48>0,"Compensado "&TEXT($AA48,"[h]:mm")&"h por "&IFERROR(INDEX(CP_Quem,MATCH($AP48,CP_ChaveFalta,0)),"?")&". ","")&IF($AU48>0,"Compensação aguardando aprovação ("&TEXT($AU48,"[h]:mm")&"h). ","")&IF($AB48>0,"Perdoado por acordo "&TEXT($AB48,"[h]:mm")&"h. ","")&IF(AND($AP48<>"",COUNTIF(CP_ChaveQuem,$AP48)>0),"Horas usadas p/ compensar falta de "&INDEX(CP_Falta,MATCH($AP48,CP_ChaveQuem,0))&" de "&TEXT(INDEX(CP_DataFalta,MATCH($AP48,CP_ChaveQuem,0)),"dd/mm")&". ","")&IF(AND($Q48="Ferista",SUMIFS(L_Ferista,L_Data,$A48,L_Equipe,$P48)>0),"Como ferista, cobriu "&TEXT(SUMIFS(L_Ferista,L_Data,$A48,L_Equipe,$P48),"[h]:mm")&"h de faltas da equipe. ","")&IF($AC48>0,"DESCONTA "&TEXT($AC48,"[h]:mm")&"h ("&$AF48&").",""))) -> DESCONTA 9:00h (Injustificada). | AH48: =IF($A48="","",IF($O48="?","CADASTRO: funcionário não está no Cadastro",IF(AND($O48<>"",$AJ48=""),"CADASTRO: sem vigência (função/turno) nesta data",IF(AND($AP48<>"",COUNTIF(L_ChavePD,$AP48)>1),"DUPLICADO: mesma pessoa 2x no dia",IF($A48<P_InicioRegras,"",IF(AND($C48="Horas Compensadas",COUNTIF(CP_ChaveQuem,$AP48)=0),"VINCULAR: registrar na aba Compensações de quem é a falta",IF($AU48>0,"APROVAR: compensação pendente na aba Compensações",IF(AND($AQ48<>"",$AS48>0,$AT48<$W48,$AC48>0),"FERISTA: horas do ferista não cobriram toda a falta",IF(AND($AL48="Pelo ponto",$AK48="",$E48="",$X48="Sim"),"PONTO: sem ponto nem horas manuais — descontando jornada cheia",IF(AND($AL48="Leve atraso",$E48="",N($AO48)>P_LeveMax),"CLASSIFICAR: ponto mostra atraso > 30 min — trocar o Status",IF($AF48="Leve atraso","AJUSTAR STATUS: atraso lançado como Horas Trabalhadas",IF(AND(N($K48)>0,$G48=""),"OBSERVAÇÃO: desconto extra sem observação",IF(AND($J48<>"",N($K48)+N($L48)>$U48),"CONFERIR: horas manuais maiores que a jornada",""))))))))))))) | AJ48: =IF(OR($A48="",$O48="",$O48="?"),"",IFERROR(MATCH($O48&"|"&SUMPRODUCT(MAX((V_RG=$O48)*(V_Ini<=$A48)*V_Ini)),V_Chave,0),"")) | AK48: =IF(ISNUMBER(SEARCH(" = ",$D48)),IFERROR(TIMEVALUE(TRIM(RIGHT($D48,5))),""),"") | AL48: =IF($C48="","",IFERROR(INDEX(S_Modo,MATCH($C48,S_Status,0)),"Não")) -> Dia inteiro | AM48: =IF($C48="","",IFERROR(INDEX(S_Conta,MATCH($C48,S_Status,0)),"Não")) -> Sim | AN48: =IF($C48="","",IFERROR(INDEX(S_Trab,MATCH($C48,S_Status,0)),"Não")) -> Não | AO48: =IF(OR($A48="",$AK48=""),"",$U48-$AK48-IF($J48<>"Situação Atípica - Presente",N($K48)+N($L48),0)) | AP48: =IF(OR($A48="",TRIM($B48)=""),"",TRIM($B48)&"|"&$A48) | AQ48: =IF(AND(P_CoberturaAuto="Sim",$A48<>"",$A48>=P_InicioRegras,$Q48="Normal / Fixo",$R48<>"",ISERROR(SEARCH("ENCARREGADO",$R48)),$AM48="Sim",$W48>0),$A48&"|"&$P48,"") | AR48: =IF($AQ48="","",COUNTIFS(L_ChaveCob,$AQ48,L_Ausencia,">"&$W48)+COUNTIFS($AQ$4:$AQ48,$AQ48,$W$4:$W48,$W48)) | AS48: =IF($AQ48="",0,SUMIFS(L_Trab,L_Data,$A48,L_Equipe,$P48,L_Contrato,"Ferista",L_Status,"<>Remanejamento")) -> 0 | AT48: =IF(OR($AQ48="",$AS48=0),0,MAX(MIN($W48,$AS48-SUMIFS(L_Ausencia,L_ChaveCob,$AQ48,L_OrdemCob,"<"&$AR48)),0)) -> 0 | AU48: =IF($AP48="",0,SUMIFS(CP_Horas,CP_ChaveFalta,$AP48,CP_Aprov,"<>Sim")) -> 0
A49: 46087 | C49: Ausências S/ Justificativa | H49: SERRALHEIRO I | N49: =IF($A49="","",DATE(YEAR($A49),MONTH($A49),1)) -> 46082 | O49: =IF(TRIM($B49)="","",IFERROR(INDEX(C_RG,MATCH(TRIM($B49),C_Nome,0)),"?")) | P49: =IF($A49="","",IF(TRIM($B49)="",P_EquipePostoVago,IF($AJ49="","",INDEX(V_Equipe,$AJ49)))) -> Serralheria | Q49: =IF($A49="","",IF(TRIM($B49)="","Posto Vago",IF($AJ49="","",INDEX(V_Contrato,$AJ49)))) -> Posto Vago | R49: =IF($A49="","",IF(TRIM($B49)="",$H49,IF($AJ49="","",INDEX(V_Funcao,$AJ49)))) -> SERRALHEIRO I | S49: =IF($A49="","",IF($I49<>"",$I49,IF(TRIM($B49)="","ADM",IF($AJ49="","",INDEX(V_Turno,$AJ49))))) -> ADM | T49: =IF(OR($A49="",$R49=""),"",IFERROR(INDEX(F_Valor,MATCH($R49&"|"&SUMPRODUCT(MAX((F_Funcao=$R49)*(F_Ini<=$A49)*F_Ini)),F_Chave,0)),"")) -> 49.098892 | U49: =IF(OR($A49="",$S49=""),0,IFERROR(INDEX(T_Horas,MATCH($S49,T_Turno,0),WEEKDAY($A49,2)),0)) -> 0.33333333 | V49: =IF($A49="",0,MAX(IF($F49<>"",N($F49),IF($AN49="Sim",IF($AK49<>"",$AK49,$U49),$U49-$W49))-IF($J49="Situação Atípica - Presente",N($K49),0),0)) -> 0 | W49: =IF($A49="",0,IF($E49<>"",N($E49),IF($AL49="Dia inteiro",$U49,IF($AL49="Pelo ponto",IF($AK49="",$U49,MAX($U49-$AK49,0)),IF(AND($AL49="Leve atraso",$AO49<>""),IF(AND($AO49>P_LeveMin,$AO49<=P_LeveMax),$AO49,0),0))))) -> 0.33333333 | X49: =IF($A49="","",IF(OR($Q49="Ferista",$Q49=""),"Não",IF(AND($AL49="Leve atraso",$W49>0,$A49>=P_InicioRegras),"Sim",IF(OR($J49<>"",$K49<>"",$L49<>""),"Não",$AM49)))) -> Sim | Y49: =IF($A49="",0,IF($Q49="Ferista",0,IF($X49="Sim",$W49,0)+N($K49))) -> 0.33333333 | Z49: =IF($X49="Sim",$AT49,0) -> 0 | AA49: =IF($AP49="",0,MIN(MAX($Y49-$Z49,0),SUMIFS(CP_Horas,CP_ChaveFalta,$AP49,CP_Aprov,"Sim"))) -> 0 | AB49: =IF($A49="",0,MIN(MAX($Y49-$Z49-$AA49,0),N($M49))) -> 0 | AC49: =IF($A49="",0,MAX($Y49-$Z49-$AA49-$AB49,0)) -> 0.33333333 | AD49: =IF(OR($AC49=0,$T49=""),0,$AC49*24*$T49) -> 392.79114 | AE49: =IF(OR($A49="",$T49=""),0,(IF($AF49="Justificada",$W49,0)+N($L49))*24*$T49) -> 0 | AF49: =IF($A49="","",IF($J49<>"","Situação atípica",IF(AND($AL49="Leve atraso",$W49>0),"Leve atraso",IFERROR(INDEX(S_Cat,MATCH($C49,S_Status,0)),"Outros")))) -> Injustificada | AG49: =IF($A49="","",TRIM(IF($Z49>0,"Ferista cobriu "&TEXT($Z49,"[h]:mm")&"h. ","")&IF($AA49>0,"Compensado "&TEXT($AA49,"[h]:mm")&"h por "&IFERROR(INDEX(CP_Quem,MATCH($AP49,CP_ChaveFalta,0)),"?")&". ","")&IF($AU49>0,"Compensação aguardando aprovação ("&TEXT($AU49,"[h]:mm")&"h). ","")&IF($AB49>0,"Perdoado por acordo "&TEXT($AB49,"[h]:mm")&"h. ","")&IF(AND($AP49<>"",COUNTIF(CP_ChaveQuem,$AP49)>0),"Horas usadas p/ compensar falta de "&INDEX(CP_Falta,MATCH($AP49,CP_ChaveQuem,0))&" de "&TEXT(INDEX(CP_DataFalta,MATCH($AP49,CP_ChaveQuem,0)),"dd/mm")&". ","")&IF(AND($Q49="Ferista",SUMIFS(L_Ferista,L_Data,$A49,L_Equipe,$P49)>0),"Como ferista, cobriu "&TEXT(SUMIFS(L_Ferista,L_Data,$A49,L_Equipe,$P49),"[h]:mm")&"h de faltas da equipe. ","")&IF($AC49>0,"DESCONTA "&TEXT($AC49,"[h]:mm")&"h ("&$AF49&").",""))) -> DESCONTA 8:00h (Injustificada). | AH49: =IF($A49="","",IF($O49="?","CADASTRO: funcionário não está no Cadastro",IF(AND($O49<>"",$AJ49=""),"CADASTRO: sem vigência (função/turno) nesta data",IF(AND($AP49<>"",COUNTIF(L_ChavePD,$AP49)>1),"DUPLICADO: mesma pessoa 2x no dia",IF($A49<P_InicioRegras,"",IF(AND($C49="Horas Compensadas",COUNTIF(CP_ChaveQuem,$AP49)=0),"VINCULAR: registrar na aba Compensações de quem é a falta",IF($AU49>0,"APROVAR: compensação pendente na aba Compensações",IF(AND($AQ49<>"",$AS49>0,$AT49<$W49,$AC49>0),"FERISTA: horas do ferista não cobriram toda a falta",IF(AND($AL49="Pelo ponto",$AK49="",$E49="",$X49="Sim"),"PONTO: sem ponto nem horas manuais — descontando jornada cheia",IF(AND($AL49="Leve atraso",$E49="",N($AO49)>P_LeveMax),"CLASSIFICAR: ponto mostra atraso > 30 min — trocar o Status",IF($AF49="Leve atraso","AJUSTAR STATUS: atraso lançado como Horas Trabalhadas",IF(AND(N($K49)>0,$G49=""),"OBSERVAÇÃO: desconto extra sem observação",IF(AND($J49<>"",N($K49)+N($L49)>$U49),"CONFERIR: horas manuais maiores que a jornada",""))))))))))))) | AJ49: =IF(OR($A49="",$O49="",$O49="?"),"",IFERROR(MATCH($O49&"|"&SUMPRODUCT(MAX((V_RG=$O49)*(V_Ini<=$A49)*V_Ini)),V_Chave,0),"")) | AK49: =IF(ISNUMBER(SEARCH(" = ",$D49)),IFERROR(TIMEVALUE(TRIM(RIGHT($D49,5))),""),"") | AL49: =IF($C49="","",IFERROR(INDEX(S_Modo,MATCH($C49,S_Status,0)),"Não")) -> Dia inteiro | AM49: =IF($C49="","",IFERROR(INDEX(S_Conta,MATCH($C49,S_Status,0)),"Não")) -> Sim | AN49: =IF($C49="","",IFERROR(INDEX(S_Trab,MATCH($C49,S_Status,0)),"Não")) -> Não | AO49: =IF(OR($A49="",$AK49=""),"",$U49-$AK49-IF($J49<>"Situação Atípica - Presente",N($K49)+N($L49),0)) | AP49: =IF(OR($A49="",TRIM($B49)=""),"",TRIM($B49)&"|"&$A49) | AQ49: =IF(AND(P_CoberturaAuto="Sim",$A49<>"",$A49>=P_InicioRegras,$Q49="Normal / Fixo",$R49<>"",ISERROR(SEARCH("ENCARREGADO",$R49)),$AM49="Sim",$W49>0),$A49&"|"&$P49,"") | AR49: =IF($AQ49="","",COUNTIFS(L_ChaveCob,$AQ49,L_Ausencia,">"&$W49)+COUNTIFS($AQ$4:$AQ49,$AQ49,$W$4:$W49,$W49)) | AS49: =IF($AQ49="",0,SUMIFS(L_Trab,L_Data,$A49,L_Equipe,$P49,L_Contrato,"Ferista",L_Status,"<>Remanejamento")) -> 0 | AT49: =IF(OR($AQ49="",$AS49=0),0,MAX(MIN($W49,$AS49-SUMIFS(L_Ausencia,L_ChaveCob,$AQ49,L_OrdemCob,"<"&$AR49)),0)) -> 0 | AU49: =IF($AP49="",0,SUMIFS(CP_Horas,CP_ChaveFalta,$AP49,CP_Aprov,"<>Sim")) -> 0
A50: 46088 | C50: Ausências S/ Justificativa | H50: SERRALHEIRO I | N50: =IF($A50="","",DATE(YEAR($A50),MONTH($A50),1)) -> 46082 | O50: =IF(TRIM($B50)="","",IFERROR(INDEX(C_RG,MATCH(TRIM($B50),C_Nome,0)),"?")) | P50: =IF($A50="","",IF(TRIM($B50)="",P_EquipePostoVago,IF($AJ50="","",INDEX(V_Equipe,$AJ50)))) -> Serralheria | Q50: =IF($A50="","",IF(TRIM($B50)="","Posto Vago",IF($AJ50="","",INDEX(V_Contrato,$AJ50)))) -> Posto Vago | R50: =IF($A50="","",IF(TRIM($B50)="",$H50,IF($AJ50="","",INDEX(V_Funcao,$AJ50)))) -> SERRALHEIRO I | S50: =IF($A50="","",IF($I50<>"",$I50,IF(TRIM($B50)="","ADM",IF($AJ50="","",INDEX(V_Turno,$AJ50))))) -> ADM | T50: =IF(OR($A50="",$R50=""),"",IFERROR(INDEX(F_Valor,MATCH($R50&"|"&SUMPRODUCT(MAX((F_Funcao=$R50)*(F_Ini<=$A50)*F_Ini)),F_Chave,0)),"")) -> 49.098892 | U50: =IF(OR($A50="",$S50=""),0,IFERROR(INDEX(T_Horas,MATCH($S50,T_Turno,0),WEEKDAY($A50,2)),0)) -> 0 | V50: =IF($A50="",0,MAX(IF($F50<>"",N($F50),IF($AN50="Sim",IF($AK50<>"",$AK50,$U50),$U50-$W50))-IF($J50="Situação Atípica - Presente",N($K50),0),0)) -> 0 | W50: =IF($A50="",0,IF($E50<>"",N($E50),IF($AL50="Dia inteiro",$U50,IF($AL50="Pelo ponto",IF($AK50="",$U50,MAX($U50-$AK50,0)),IF(AND($AL50="Leve atraso",$AO50<>""),IF(AND($AO50>P_LeveMin,$AO50<=P_LeveMax),$AO50,0),0))))) -> 0 | X50: =IF($A50="","",IF(OR($Q50="Ferista",$Q50=""),"Não",IF(AND($AL50="Leve atraso",$W50>0,$A50>=P_InicioRegras),"Sim",IF(OR($J50<>"",$K50<>"",$L50<>""),"Não",$AM50)))) -> Sim | Y50: =IF($A50="",0,IF($Q50="Ferista",0,IF($X50="Sim",$W50,0)+N($K50))) -> 0 | Z50: =IF($X50="Sim",$AT50,0) -> 0 | AA50: =IF($AP50="",0,MIN(MAX($Y50-$Z50,0),SUMIFS(CP_Horas,CP_ChaveFalta,$AP50,CP_Aprov,"Sim"))) -> 0 | AB50: =IF($A50="",0,MIN(MAX($Y50-$Z50-$AA50,0),N($M50))) -> 0 | AC50: =IF($A50="",0,MAX($Y50-$Z50-$AA50-$AB50,0)) -> 0 | AD50: =IF(OR($AC50=0,$T50=""),0,$AC50*24*$T50) -> 0 | AE50: =IF(OR($A50="",$T50=""),0,(IF($AF50="Justificada",$W50,0)+N($L50))*24*$T50) -> 0 | AF50: =IF($A50="","",IF($J50<>"","Situação atípica",IF(AND($AL50="Leve atraso",$W50>0),"Leve atraso",IFERROR(INDEX(S_Cat,MATCH($C50,S_Status,0)),"Outros")))) -> Injustificada | AG50: =IF($A50="","",TRIM(IF($Z50>0,"Ferista cobriu "&TEXT($Z50,"[h]:mm")&"h. ","")&IF($AA50>0,"Compensado "&TEXT($AA50,"[h]:mm")&"h por "&IFERROR(INDEX(CP_Quem,MATCH($AP50,CP_ChaveFalta,0)),"?")&". ","")&IF($AU50>0,"Compensação aguardando aprovação ("&TEXT($AU50,"[h]:mm")&"h). ","")&IF($AB50>0,"Perdoado por acordo "&TEXT($AB50,"[h]:mm")&"h. ","")&IF(AND($AP50<>"",COUNTIF(CP_ChaveQuem,$AP50)>0),"Horas usadas p/ compensar falta de "&INDEX(CP_Falta,MATCH($AP50,CP_ChaveQuem,0))&" de "&TEXT(INDEX(CP_DataFalta,MATCH($AP50,CP_ChaveQuem,0)),"dd/mm")&". ","")&IF(AND($Q50="Ferista",SUMIFS(L_Ferista,L_Data,$A50,L_Equipe,$P50)>0),"Como ferista, cobriu "&TEXT(SUMIFS(L_Ferista,L_Data,$A50,L_Equipe,$P50),"[h]:mm")&"h de faltas da equipe. ","")&IF($AC50>0,"DESCONTA "&TEXT($AC50,"[h]:mm")&"h ("&$AF50&").",""))) | AH50: =IF($A50="","",IF($O50="?","CADASTRO: funcionário não está no Cadastro",IF(AND($O50<>"",$AJ50=""),"CADASTRO: sem vigência (função/turno) nesta data",IF(AND($AP50<>"",COUNTIF(L_ChavePD,$AP50)>1),"DUPLICADO: mesma pessoa 2x no dia",IF($A50<P_InicioRegras,"",IF(AND($C50="Horas Compensadas",COUNTIF(CP_ChaveQuem,$AP50)=0),"VINCULAR: registrar na aba Compensações de quem é a falta",IF($AU50>0,"APROVAR: compensação pendente na aba Compensações",IF(AND($AQ50<>"",$AS50>0,$AT50<$W50,$AC50>0),"FERISTA: horas do ferista não cobriram toda a falta",IF(AND($AL50="Pelo ponto",$AK50="",$E50="",$X50="Sim"),"PONTO: sem ponto nem horas manuais — descontando jornada cheia",IF(AND($AL50="Leve atraso",$E50="",N($AO50)>P_LeveMax),"CLASSIFICAR: ponto mostra atraso > 30 min — trocar o Status",IF($AF50="Leve atraso","AJUSTAR STATUS: atraso lançado como Horas Trabalhadas",IF(AND(N($K50)>0,$G50=""),"OBSERVAÇÃO: desconto extra sem observação",IF(AND($J50<>"",N($K50)+N($L50)>$U50),"CONFERIR: horas manuais maiores que a jornada",""))))))))))))) | AJ50: =IF(OR($A50="",$O50="",$O50="?"),"",IFERROR(MATCH($O50&"|"&SUMPRODUCT(MAX((V_RG=$O50)*(V_Ini<=$A50)*V_Ini)),V_Chave,0),"")) | AK50: =IF(ISNUMBER(SEARCH(" = ",$D50)),IFERROR(TIMEVALUE(TRIM(RIGHT($D50,5))),""),"") | AL50: =IF($C50="","",IFERROR(INDEX(S_Modo,MATCH($C50,S_Status,0)),"Não")) -> Dia inteiro | AM50: =IF($C50="","",IFERROR(INDEX(S_Conta,MATCH($C50,S_Status,0)),"Não")) -> Sim | AN50: =IF($C50="","",IFERROR(INDEX(S_Trab,MATCH($C50,S_Status,0)),"Não")) -> Não | AO50: =IF(OR($A50="",$AK50=""),"",$U50-$AK50-IF($J50<>"Situação Atípica - Presente",N($K50)+N($L50),0)) | AP50: =IF(OR($A50="",TRIM($B50)=""),"",TRIM($B50)&"|"&$A50) | AQ50: =IF(AND(P_CoberturaAuto="Sim",$A50<>"",$A50>=P_InicioRegras,$Q50="Normal / Fixo",$R50<>"",ISERROR(SEARCH("ENCARREGADO",$R50)),$AM50="Sim",$W50>0),$A50&"|"&$P50,"") | AR50: =IF($AQ50="","",COUNTIFS(L_ChaveCob,$AQ50,L_Ausencia,">"&$W50)+COUNTIFS($AQ$4:$AQ50,$AQ50,$W$4:$W50,$W50)) | AS50: =IF($AQ50="",0,SUMIFS(L_Trab,L_Data,$A50,L_Equipe,$P50,L_Contrato,"Ferista",L_Status,"<>Remanejamento")) -> 0 | AT50: =IF(OR($AQ50="",$AS50=0),0,MAX(MIN($W50,$AS50-SUMIFS(L_Ausencia,L_ChaveCob,$AQ50,L_OrdemCob,"<"&$AR50)),0)) -> 0 | AU50: =IF($AP50="",0,SUMIFS(CP_Horas,CP_ChaveFalta,$AP50,CP_Aprov,"<>Sim")) -> 0
